utc,pid,rss_bytes,process_hwm_bytes,host_available_bytes,gpu_gpc_cur_hz,gpu_gpc_min_hz,gpu_gpc_max_hz
2026-09-13T11:45:22.240853+00:00,2728813,5928689664,19650097152,89353482240,1575000000,1575000000,1575000000
2026-09-13T11:45:32.241519+00:00,2728813,5928689664,19650097152,89387941888,1575000000,1575000000,1575000000
2026-09-13T11:45:42.242166+00:00,2728813,5928689664,19650097152,89373523968,1575000000,1575000000,1575000000
2026-09-13T11:45:52.242866+00:00,2728813,5928689664,19650097152,89356558336,1575000000,1575000000,1575000000
2026-09-13T11:46:02.243499+00:00,2728813,5928689664,19650097152,89357209600,1575000000,1575000000,1575000000
2026-09-13T11:46:12.244214+00:00,2728813,5928689664,19650097152,105457741824,1575000000,1575000000,1575000000
2026-09-13T11:46:22.245084+00:00,2728813,5928689664,19650097152,89362178048,1575000000,1575000000,1575000000
2026-09-13T11:46:32.245784+00:00,2728813,5928689664,19650097152,89352863744,1575000000,1575000000,1575000000
2026-09-13T11:46:42.248567+00:00,2728813,5928689664,19650097152,89376182272,1575000000,1575000000,1575000000
2026-09-13T11:46:52.469646+00:00,2728813,5928689664,19650097152,89393811456,1575000000,1575000000,1575000000
2026-09-13T11:47:02.470334+00:00,2728813,5928689664,19650097152,89395888128,1575000000,1575000000,1575000000
2026-09-13T11:47:12.498967+00:00,2728813,5928689664,19650097152,89371250688,1575000000,1575000000,1575000000
2026-09-13T11:47:22.499703+00:00,2728813,5928689664,19650097152,89366835200,1575000000,1575000000,1575000000
2026-09-13T11:47:32.500578+00:00,2728813,5928689664,19650097152,89387569152,1575000000,1575000000,1575000000
2026-09-13T11:47:42.501377+00:00,2728813,5928689664,19650097152,105512042496,1575000000,1575000000,1575000000
2026-09-13T11:47:52.552910+00:00,2728813,5928689664,19650097152,89368891392,1575000000,1575000000,1575000000
2026-09-13T11:48:02.553721+00:00,2728813,5928689664,19650097152,105479639040,1575000000,1575000000,1575000000
2026-09-13T11:48:12.559698+00:00,2728813,5928689664,19650097152,89373126656,1575000000,1575000000,1575000000
2026-09-13T11:48:22.560483+00:00,2728813,5928689664,19650097152,89363513344,1575000000,1575000000,1575000000
2026-09-13T11:48:32.561402+00:00,2728813,5928689664,19650097152,89366814720,1575000000,1575000000,1575000000
2026-09-13T11:48:42.564484+00:00,2728813,5928689664,19650097152,89337704448,1575000000,1575000000,1575000000
2026-09-13T11:48:52.565232+00:00,2728813,5928689664,19650097152,89349775360,1575000000,1575000000,1575000000
2026-09-13T11:49:02.565923+00:00,2728813,5928689664,19650097152,89375817728,1575000000,1575000000,1575000000
2026-09-13T11:49:12.566648+00:00,2728813,5928689664,19650097152,89400999936,1575000000,1575000000,1575000000
2026-09-13T11:49:22.567385+00:00,2728813,5928689664,19650097152,89394167808,1575000000,1575000000,1575000000
2026-09-13T11:49:32.568807+00:00,2728813,5928689664,19650097152,89345892352,1575000000,1575000000,1575000000
2026-09-13T11:49:42.569557+00:00,2728813,5928689664,19650097152,89371652096,1575000000,1575000000,1575000000
2026-09-13T11:49:52.570321+00:00,2728813,5928689664,19650097152,89332826112,1575000000,1575000000,1575000000
2026-09-13T11:50:02.571002+00:00,2728813,5928689664,19650097152,89363030016,1575000000,1575000000,1575000000
2026-09-13T11:50:12.571687+00:00,2728813,5930864640,19650097152,89371787264,1575000000,1575000000,1575000000
2026-09-13T11:50:22.572417+00:00,2728813,5936898048,19650097152,89360154624,1575000000,1575000000,1575000000
2026-09-13T11:50:32.573632+00:00,2728813,5942493184,19650097152,89368039424,1575000000,1575000000,1575000000
2026-09-13T11:50:42.574571+00:00,2728813,5944213504,19650097152,89331748864,1575000000,1575000000,1575000000
2026-09-13T11:50:52.575264+00:00,2728813,5944213504,19650097152,89358254080,1575000000,1575000000,1575000000
2026-09-13T11:51:02.575967+00:00,2728813,5944213504,19650097152,89354874880,1575000000,1575000000,1575000000
2026-09-13T11:51:12.576711+00:00,2728813,5944213504,19650097152,89354760192,1575000000,1575000000,1575000000
2026-09-13T11:51:22.577404+00:00,2728813,5944213504,19650097152,105464680448,1575000000,1575000000,1575000000
2026-09-13T11:51:32.578089+00:00,2728813,5944213504,19650097152,89337569280,1575000000,1575000000,1575000000
2026-09-13T11:51:42.578760+00:00,2728813,5944213504,19650097152,89352343552,1575000000,1575000000,1575000000
2026-09-13T11:51:52.579571+00:00,2728813,5944213504,19650097152,89350897664,1575000000,1575000000,1575000000
2026-09-13T11:52:02.789252+00:00,2728813,5944213504,19650097152,89357324288,1575000000,1575000000,1575000000
2026-09-13T11:52:12.837018+00:00,2728813,5944213504,19650097152,89333534720,1575000000,1575000000,1575000000
2026-09-13T11:52:22.837939+00:00,2728813,5944213504,19650097152,89334988800,1575000000,1575000000,1575000000
2026-09-13T11:52:32.838625+00:00,2728813,5944213504,19650097152,89366347776,1575000000,1575000000,1575000000
2026-09-13T11:52:42.841449+00:00,2728813,5944213504,19650097152,89307893760,1575000000,1575000000,1575000000
2026-09-13T11:52:52.842106+00:00,2728813,5944213504,19650097152,88966242304,1575000000,1575000000,1575000000
2026-09-13T11:53:02.843045+00:00,2728813,5944213504,19650097152,84885078016,1575000000,1575000000,1575000000
2026-09-13T11:53:12.843766+00:00,2728813,5944213504,19650097152,76773920768,1575000000,1575000000,1575000000
2026-09-13T11:53:22.844516+00:00,2728813,5944213504,19650097152,76801425408,1575000000,1575000000,1575000000
2026-09-13T11:53:32.845262+00:00,2728813,5944213504,19650097152,76817252352,1575000000,1575000000,1575000000
2026-09-13T11:53:42.845935+00:00,2728813,5944213504,19650097152,74711052288,1575000000,1575000000,1575000000
2026-09-13T11:53:52.846776+00:00,2728813,5944213504,19650097152,74748112896,1575000000,1575000000,1575000000
2026-09-13T11:54:02.847501+00:00,2728813,5937532928,19650097152,73382940672,1575000000,1575000000,1575000000
2026-09-13T11:54:12.848825+00:00,2728813,5937008640,19650097152,89443921920,1575000000,1575000000,1575000000
2026-09-13T11:54:22.908709+00:00,2728813,5936959488,19650097152,73292320768,1575000000,1575000000,1575000000
2026-09-13T11:54:32.909494+00:00,2728813,5936775168,19650097152,89456513024,1575000000,1575000000,1575000000
2026-09-13T11:54:42.910321+00:00,2728813,5936726016,19650097152,73332039680,1575000000,1575000000,1575000000
2026-09-13T11:54:52.937043+00:00,2728813,5936340992,19650097152,73299697664,1575000000,1575000000,1575000000
2026-09-13T11:55:02.937968+00:00,2728813,5936041984,19650097152,73300684800,1575000000,1575000000,1575000000
2026-09-13T11:55:12.938697+00:00,2728813,5931307008,19650097152,72082915328,1575000000,1575000000,1575000000
2026-09-13T11:55:23.004307+00:00,2728813,5924708352,19650097152,71043112960,1575000000,1575000000,1575000000
2026-09-13T11:55:33.005087+00:00,2728813,5923872768,19650097152,71001595904,1575000000,1575000000,1575000000
2026-09-13T11:55:43.047935+00:00,2728813,5916459008,19650097152,88619294720,1575000000,1575000000,1575000000
2026-09-13T11:55:53.133266+00:00,2728813,5916459008,19650097152,84635099136,1575000000,1575000000,1575000000
2026-09-13T11:56:03.133977+00:00,2728813,5916459008,19650097152,76586377216,1575000000,1575000000,1575000000
2026-09-13T11:56:13.134691+00:00,2728813,5916459008,19650097152,92790693888,1575000000,1575000000,1575000000
2026-09-13T11:56:23.135456+00:00,2728813,5916459008,19650097152,92861153280,1575000000,1575000000,1575000000
2026-09-13T11:56:33.136127+00:00,2728813,5916459008,19650097152,75209814016,1575000000,1575000000,1575000000
2026-09-13T11:56:43.137052+00:00,2728813,5916459008,19650097152,90863702016,1575000000,1575000000,1575000000
2026-09-13T11:56:53.247574+00:00,2728813,5916459008,19650097152,73208201216,1575000000,1575000000,1575000000
2026-09-13T11:57:03.248364+00:00,2728813,5916459008,19650097152,73251766272,1575000000,1575000000,1575000000
2026-09-13T11:57:13.334492+00:00,2728813,5916459008,19650097152,73257877504,1575000000,1575000000,1575000000
2026-09-13T11:57:23.487036+00:00,2728813,5916459008,19650097152,73259241472,1575000000,1575000000,1575000000
2026-09-13T11:57:33.487766+00:00,2728813,5916459008,19650097152,73247571968,1575000000,1575000000,1575000000
2026-09-13T11:57:43.488471+00:00,2728813,5925875712,19650097152,89396043776,1575000000,1575000000,1575000000
2026-09-13T11:57:53.489538+00:00,2728813,5937729536,19650097152,73223774208,1575000000,1575000000,1575000000
2026-09-13T11:58:03.490240+00:00,2728813,5937127424,19650097152,71642165248,1575000000,1575000000,1575000000
2026-09-13T11:58:13.491090+00:00,2728813,5934522368,19650097152,86900744192,1575000000,1575000000,1575000000
2026-09-13T11:58:23.491765+00:00,2728813,5934047232,19650097152,69104279552,1575000000,1575000000,1575000000
2026-09-13T11:58:33.492691+00:00,2728813,5934047232,19650097152,68530700288,1575000000,1575000000,1575000000
2026-09-13T11:58:43.493340+00:00,2728813,5934047232,19650097152,88423665664,1575000000,1575000000,1575000000
2026-09-13T11:58:53.610365+00:00,2728813,5934047232,19650097152,83882373120,1575000000,1575000000,1575000000
2026-09-13T11:59:03.611698+00:00,2728813,5934211072,19650097152,75720208384,1575000000,1575000000,1575000000
2026-09-13T11:59:13.612602+00:00,2728813,5934047232,19650097152,75774484480,1575000000,1575000000,1575000000
2026-09-13T11:59:23.613305+00:00,2728813,5934047232,19650097152,75794612224,1575000000,1575000000,1575000000
2026-09-13T11:59:33.733581+00:00,2728813,5934047232,19650097152,74220597248,1575000000,1575000000,1575000000
2026-09-13T11:59:43.734335+00:00,2728813,5934047232,19650097152,73733132288,1575000000,1575000000,1575000000
2026-09-13T11:59:53.737413+00:00,2728813,5934047232,19650097152,72169857024,1575000000,1575000000,1575000000
2026-09-13T12:00:03.738312+00:00,2728813,5934047232,19650097152,72196775936,1575000000,1575000000,1575000000
2026-09-13T12:00:13.739056+00:00,2728813,5934047232,19650097152,88400203776,1575000000,1575000000,1575000000
2026-09-13T12:00:23.739718+00:00,2728813,5934047232,19650097152,72174088192,1575000000,1575000000,1575000000
2026-09-13T12:00:33.740368+00:00,2728813,5934047232,19650097152,72203501568,1575000000,1575000000,1575000000
2026-09-13T12:00:44.015136+00:00,2728813,5934047232,19650097152,72202412032,1575000000,1575000000,1575000000
2026-09-13T12:00:54.016048+00:00,2728813,5934047232,19650097152,72194666496,1575000000,1575000000,1575000000
2026-09-13T12:01:04.017631+00:00,2728813,5933969408,19650097152,70733357056,1575000000,1575000000,1575000000
2026-09-13T12:01:14.018335+00:00,2728813,5933879296,19650097152,69889839104,1575000000,1575000000,1575000000
2026-09-13T12:01:24.019027+00:00,2728813,5933871104,19650097152,69159751680,1575000000,1575000000,1575000000
2026-09-13T12:01:34.019743+00:00,2728813,5933871104,19650097152,75386060800,1575000000,1575000000,1575000000
2026-09-13T12:01:44.020672+00:00,2728813,5933871104,19650097152,88918142976,1575000000,1575000000,1575000000
2026-09-13T12:01:54.102186+00:00,2728813,5933871104,19650097152,89055322112,1575000000,1575000000,1575000000
2026-09-13T12:02:04.102848+00:00,2728813,5933871104,19650097152,89159782400,1575000000,1575000000,1575000000
2026-09-13T12:02:14.103531+00:00,2728813,5933871104,19650097152,89163902976,1575000000,1575000000,1575000000
2026-09-13T12:02:24.105499+00:00,2728813,5933936640,19650097152,89181077504,1575000000,1575000000,1575000000
2026-09-13T12:02:34.108728+00:00,2728813,5933936640,19650097152,87891615744,1575000000,1575000000,1575000000
2026-09-13T12:02:44.109439+00:00,2728813,5933936640,19650097152,105279836160,1575000000,1575000000,1575000000
2026-09-13T12:02:54.120964+00:00,2728813,5933936640,19650097152,89112854528,1575000000,1575000000,1575000000
2026-09-13T12:03:04.121657+00:00,2728813,5933936640,19650097152,89151008768,1575000000,1575000000,1575000000
2026-09-13T12:03:14.122410+00:00,2728813,5933936640,19650097152,89165697024,1575000000,1575000000,1575000000
2026-09-13T12:03:24.123509+00:00,2728813,5933936640,19650097152,89169326080,1575000000,1575000000,1575000000
2026-09-13T12:03:34.124274+00:00,2728813,5933936640,19650097152,89155493888,1575000000,1575000000,1575000000
2026-09-13T12:03:44.125021+00:00,2728813,5933936640,19650097152,88805359616,1575000000,1575000000,1575000000
2026-09-13T12:03:54.125720+00:00,2728813,5934170112,19650097152,84764205056,1575000000,1575000000,1575000000
2026-09-13T12:04:04.126438+00:00,2728813,5933936640,19650097152,76603518976,1575000000,1575000000,1575000000
2026-09-13T12:04:14.127418+00:00,2728813,5933936640,19650097152,76679127040,1575000000,1575000000,1575000000
2026-09-13T12:04:24.128535+00:00,2728813,5933936640,19650097152,76663615488,1575000000,1575000000,1575000000
2026-09-13T12:04:34.129685+00:00,2728813,5933936640,19650097152,74564968448,1575000000,1575000000,1575000000
2026-09-13T12:04:44.130447+00:00,2728813,5933936640,19650097152,74509570048,1575000000,1575000000,1575000000
2026-09-13T12:04:54.131187+00:00,2728813,5933936640,19650097152,73021337600,1575000000,1575000000,1575000000
2026-09-13T12:05:04.132048+00:00,2728813,5933936640,19650097152,73040289792,1575000000,1575000000,1575000000
2026-09-13T12:05:14.132864+00:00,2728813,5933936640,19650097152,73082982400,1575000000,1575000000,1575000000
2026-09-13T12:05:24.133601+00:00,2728813,5933936640,19650097152,73060974592,1575000000,1575000000,1575000000
2026-09-13T12:05:34.134321+00:00,2728813,5933936640,19650097152,73075847168,1575000000,1575000000,1575000000
2026-09-13T12:05:44.135116+00:00,2728813,5933936640,19650097152,89275318272,1575000000,1575000000,1575000000
2026-09-13T12:05:54.137541+00:00,2728813,5933936640,19650097152,73051316224,1575000000,1575000000,1575000000
2026-09-13T12:06:04.138549+00:00,2728813,5933936640,19650097152,71616081920,1575000000,1575000000,1575000000
2026-09-13T12:06:14.139273+00:00,2728813,5933936640,19650097152,70608797696,1575000000,1575000000,1575000000
2026-09-13T12:06:24.140396+00:00,2728813,5933871104,19650097152,69013655552,1575000000,1575000000,1575000000
2026-09-13T12:06:34.141091+00:00,2728813,5935591424,19650097152,77833887744,1575000000,1575000000,1575000000
2026-09-13T12:06:44.141807+00:00,2728813,5935591424,19650097152,86924050432,1575000000,1575000000,1575000000
2026-09-13T12:06:54.245751+00:00,2728813,5935591424,19650097152,78871957504,1575000000,1575000000,1575000000
2026-09-13T12:07:04.246468+00:00,2728813,5935591424,19650097152,76692045824,1575000000,1575000000,1575000000
2026-09-13T12:07:14.247257+00:00,2728813,5935591424,19650097152,76674125824,1575000000,1575000000,1575000000
2026-09-13T12:07:24.248155+00:00,2728813,5935591424,19650097152,74550460416,1575000000,1575000000,1575000000
2026-09-13T12:07:34.249112+00:00,2728813,5935591424,19650097152,74652979200,1575000000,1575000000,1575000000
2026-09-13T12:07:44.249848+00:00,2728813,5935595520,19650097152,89245814784,1575000000,1575000000,1575000000
2026-09-13T12:07:54.250537+00:00,2728813,5935759360,19650097152,73065254912,1575000000,1575000000,1575000000
2026-09-13T12:08:04.253451+00:00,2728813,5935595520,19650097152,73043034112,1575000000,1575000000,1575000000
2026-09-13T12:08:14.254174+00:00,2728813,5935595520,19650097152,73022115840,1575000000,1575000000,1575000000
2026-09-13T12:08:24.254864+00:00,2728813,5935595520,19650097152,73049227264,1575000000,1575000000,1575000000
2026-09-13T12:08:34.255744+00:00,2728813,5935595520,19650097152,89270231040,1575000000,1575000000,1575000000
2026-09-13T12:08:44.256483+00:00,2728813,5935595520,19650097152,89290014720,1575000000,1575000000,1575000000
2026-09-13T12:08:54.257204+00:00,2728813,5936021504,19650097152,87797522432,1575000000,1575000000,1575000000
2026-09-13T12:09:04.259887+00:00,2728813,5937385472,19650097152,70532231168,1575000000,1575000000,1575000000
2026-09-13T12:09:14.260540+00:00,2728813,5940604928,19650097152,69978378240,1575000000,1575000000,1575000000
2026-09-13T12:09:24.445675+00:00,2728813,5946929152,19650097152,77389541376,1575000000,1575000000,1575000000
2026-09-13T12:09:34.446337+00:00,2728813,5948076032,19650097152,89097764864,1575000000,1575000000,1575000000
2026-09-13T12:09:44.446993+00:00,2728813,5950369792,19650097152,89132683264,1575000000,1575000000,1575000000
2026-09-13T12:09:54.447676+00:00,2728813,5950369792,19650097152,89128656896,1575000000,1575000000,1575000000
2026-09-13T12:10:04.448354+00:00,2728813,5951889408,19650097152,89125318656,1575000000,1575000000,1575000000
2026-09-13T12:10:14.449035+00:00,2728813,5951889408,19650097152,89139523584,1575000000,1575000000,1575000000
2026-09-13T12:10:24.543327+00:00,2728813,5955047424,19650097152,89175891968,1575000000,1575000000,1575000000
2026-09-13T12:10:34.544001+00:00,2728813,5955047424,19650097152,89117360128,1575000000,1575000000,1575000000
2026-09-13T12:10:44.544675+00:00,2728813,5955047424,19650097152,105341812736,1575000000,1575000000,1575000000
2026-09-13T12:10:54.545332+00:00,2728813,5955932160,19650097152,89138425856,1575000000,1575000000,1575000000
2026-09-13T12:11:04.546071+00:00,2728813,5955932160,19650097152,105325113344,1575000000,1575000000,1575000000
2026-09-13T12:11:14.546726+00:00,2728813,5955932160,19650097152,105394819072,1575000000,1575000000,1575000000
2026-09-13T12:11:24.547490+00:00,2728813,5956001792,19650097152,89104773120,1575000000,1575000000,1575000000
2026-09-13T12:11:34.626982+00:00,2728813,5955932160,19650097152,89115336704,1575000000,1575000000,1575000000
2026-09-13T12:11:44.627674+00:00,2728813,5955932160,19650097152,89138368512,1575000000,1575000000,1575000000
2026-09-13T12:11:54.628616+00:00,2728813,5957513216,19650097152,89101692928,1575000000,1575000000,1575000000
2026-09-13T12:12:04.629578+00:00,2728813,5957513216,19650097152,89094664192,1575000000,1575000000,1575000000
2026-09-13T12:12:14.631668+00:00,2728813,5957513216,19650097152,105345593344,1575000000,1575000000,1575000000
2026-09-13T12:12:24.632350+00:00,2728813,5957513216,19650097152,89115361280,1575000000,1575000000,1575000000
2026-09-13T12:12:34.633035+00:00,2728813,5957513216,19650097152,89120239616,1575000000,1575000000,1575000000
2026-09-13T12:12:44.633724+00:00,2728813,5957804032,19650097152,89102479360,1575000000,1575000000,1575000000
2026-09-13T12:12:54.634401+00:00,2728813,5957804032,19650097152,89124675584,1575000000,1575000000,1575000000
2026-09-13T12:13:04.637436+00:00,2728813,5957804032,19650097152,89087492096,1575000000,1575000000,1575000000
2026-09-13T12:13:14.638245+00:00,2728813,5957804032,19650097152,89102004224,1575000000,1575000000,1575000000
2026-09-13T12:13:24.639045+00:00,2728813,5957804032,19650097152,105325436928,1575000000,1575000000,1575000000
2026-09-13T12:13:34.639729+00:00,2728813,5957804032,19650097152,89120600064,1575000000,1575000000,1575000000
2026-09-13T12:13:44.646635+00:00,2728813,5957804032,19650097152,88941293568,1575000000,1575000000,1575000000
2026-09-13T12:13:54.647431+00:00,2728813,5957804032,19650097152,89061990400,1575000000,1575000000,1575000000
2026-09-13T12:14:04.649510+00:00,2728813,5957804032,19650097152,89100632064,1575000000,1575000000,1575000000
2026-09-13T12:14:14.650212+00:00,2728813,5958443008,19650097152,89098424320,1575000000,1575000000,1575000000
2026-09-13T12:14:24.650903+00:00,2728813,5958475776,19650097152,89058676736,1575000000,1575000000,1575000000
2026-09-13T12:14:34.652399+00:00,2728813,5959823360,19650097152,89091403776,1575000000,1575000000,1575000000
2026-09-13T12:14:44.757682+00:00,2728813,5960855552,19650097152,89149939712,1575000000,1575000000,1575000000
2026-09-13T12:14:54.758354+00:00,2728813,5960855552,19650097152,89073618944,1575000000,1575000000,1575000000
2026-09-13T12:15:04.760711+00:00,2728813,5960855552,19650097152,89091657728,1575000000,1575000000,1575000000
2026-09-13T12:15:14.846818+00:00,2728813,5966479360,19650097152,89099063296,1575000000,1575000000,1575000000
2026-09-13T12:15:24.847483+00:00,2728813,5966479360,19650097152,88125022208,1575000000,1575000000,1575000000
2026-09-13T12:15:34.848187+00:00,2728813,5967740928,19650097152,88783175680,1575000000,1575000000,1575000000
2026-09-13T12:15:44.849010+00:00,2728813,5967740928,19650097152,88940748800,1575000000,1575000000,1575000000
2026-09-13T12:15:54.849669+00:00,2728813,5967740928,19650097152,105277956096,1575000000,1575000000,1575000000
2026-09-13T12:16:04.850394+00:00,2728813,5967794176,19650097152,83453181952,1575000000,1575000000,1575000000
2026-09-13T12:16:14.854295+00:00,2728813,5967794176,19650097152,82288283648,1575000000,1575000000,1575000000
2026-09-13T12:16:24.859212+00:00,2728813,5968519168,19650097152,82292813824,1575000000,1575000000,1575000000
2026-09-13T12:16:34.859912+00:00,2728813,5968285696,19650097152,105285513216,1575000000,1575000000,1575000000
2026-09-13T12:16:44.862645+00:00,2728813,5968285696,19650097152,89074642944,1575000000,1575000000,1575000000
2026-09-13T12:16:54.863384+00:00,2728813,5968285696,19650097152,89080164352,1575000000,1575000000,1575000000
2026-09-13T12:17:04.864058+00:00,2728813,5968285696,19650097152,89082429440,1575000000,1575000000,1575000000
2026-09-13T12:17:14.868192+00:00,2728813,5968285696,19650097152,89065410560,1575000000,1575000000,1575000000
2026-09-13T12:17:24.868965+00:00,2728813,5968285696,19650097152,89066524672,1575000000,1575000000,1575000000
2026-09-13T12:17:34.869766+00:00,2728813,5968285696,19650097152,105273544704,1575000000,1575000000,1575000000
2026-09-13T12:17:44.870456+00:00,2728813,5968285696,19650097152,89070465024,1575000000,1575000000,1575000000
2026-09-13T12:17:54.871126+00:00,2728813,5968285696,19650097152,89077268480,1575000000,1575000000,1575000000
2026-09-13T12:18:04.871912+00:00,2728813,5968285696,19650097152,105280262144,1575000000,1575000000,1575000000
2026-09-13T12:18:14.872586+00:00,2728813,5968285696,19650097152,89087983616,1575000000,1575000000,1575000000
2026-09-13T12:18:24.881593+00:00,2728813,5968285696,19650097152,89135546368,1575000000,1575000000,1575000000
2026-09-13T12:18:34.882306+00:00,2728813,5968285696,19650097152,89051807744,1575000000,1575000000,1575000000
2026-09-13T12:18:44.884950+00:00,2728813,5968285696,19650097152,89044922368,1575000000,1575000000,1575000000
2026-09-13T12:18:54.887646+00:00,2728813,5968285696,19650097152,88922058752,1575000000,1575000000,1575000000
2026-09-13T12:19:04.888341+00:00,2728813,5968285696,19650097152,88962224128,1575000000,1575000000,1575000000
2026-09-13T12:19:14.912718+00:00,2728813,5968285696,19650097152,89061736448,1575000000,1575000000,1575000000
2026-09-13T12:19:24.913409+00:00,2728813,5968285696,19650097152,89076142080,1575000000,1575000000,1575000000
2026-09-13T12:19:35.001245+00:00,2728813,5968285696,19650097152,88899960832,1575000000,1575000000,1575000000
