utc,pid,rss_bytes,process_hwm_bytes,host_available_bytes
2026-09-13T00:51:08.638741+00:00,2164062,899653632,899653632,125779148800
2026-09-13T00:51:18.639198+00:00,2164062,913858560,913858560,125718097920
2026-09-13T00:51:28.639629+00:00,2164062,915333120,915333120,125714681856
2026-09-13T00:51:38.640050+00:00,2164062,917549056,917549056,125712736256
2026-09-13T00:51:48.640478+00:00,2164062,914563072,916078592,125734027264
2026-09-13T00:51:58.640941+00:00,2164062,914563072,916078592,125765570560
2026-09-13T00:52:08.643241+00:00,2164062,6842445824,6842445824,121362710528
2026-09-13T00:52:18.643696+00:00,2164062,10450866176,10450866176,119725232128
2026-09-13T00:52:28.644196+00:00,2164062,10501984256,10501984256,119668482048
2026-09-13T00:52:38.644649+00:00,2164062,10551005184,10551005184,119663808512
2026-09-13T00:52:48.645134+00:00,2164062,10590973952,10590973952,119640227840
2026-09-13T00:52:58.645577+00:00,2164062,10644156416,10644156416,119592435712
2026-09-13T00:53:08.646027+00:00,2164062,10695540736,10695540736,119569858560
2026-09-13T00:53:18.646489+00:00,2164062,10746777600,10746777600,119558180864
2026-09-13T00:53:28.646933+00:00,2164062,10800316416,10800316416,119523344384
2026-09-13T00:53:38.647411+00:00,2164062,10851446784,10851446784,119504424960
2026-09-13T00:53:48.647897+00:00,2164062,10904399872,10904399872,119470043136
2026-09-13T00:53:58.648368+00:00,2164062,10955517952,10955517952,119444238336
2026-09-13T00:54:08.648828+00:00,2164062,11006898176,11006898176,119380701184
2026-09-13T00:54:18.649308+00:00,2164062,11060113408,11060113408,119371657216
2026-09-13T00:54:28.649783+00:00,2164062,11111493632,11111493632,119370133504
2026-09-13T00:54:38.650231+00:00,2164062,11164708864,11164708864,119327105024
2026-09-13T00:54:48.650644+00:00,2164062,11215826944,11215826944,119304241152
2026-09-13T00:54:58.651116+00:00,2164062,11272368128,11272368128,119271174144
2026-09-13T00:55:08.651570+00:00,2164062,11323748352,11323748352,119240531968
2026-09-13T00:55:18.652050+00:00,2164062,11376963584,11376963584,119212478464
2026-09-13T00:55:28.652476+00:00,2164062,11428343808,11428343808,119190224896
2026-09-13T00:55:38.652985+00:00,2164062,11481821184,11481821184,119180820480
2026-09-13T00:55:48.653402+00:00,2164062,11532939264,11532939264,119170895872
2026-09-13T00:55:58.653883+00:00,2164062,11584319488,11584319488,119134810112
2026-09-13T00:56:08.654323+00:00,2164062,11637862400,11637862400,119107297280
2026-09-13T00:56:18.654775+00:00,2164062,11689242624,11689242624,119061495808
2026-09-13T00:56:28.655250+00:00,2164062,11742457856,11742457856,119040827392
2026-09-13T00:56:38.655722+00:00,2164062,11793575936,11793575936,119029825536
2026-09-13T00:56:48.656186+00:00,2164062,11850199040,11850199040,118977728512
2026-09-13T00:56:58.656768+00:00,2164062,11901317120,11901317120,118934577152
2026-09-13T00:57:08.657435+00:00,2164062,11954917376,11954917376,118819672064
2026-09-13T00:57:18.657901+00:00,2164062,12006297600,12006297600,118698815488
2026-09-13T00:57:28.658351+00:00,2164062,12059774976,12059774976,118660870144
2026-09-13T00:57:38.658803+00:00,2164062,12110893056,12110893056,118635610112
2026-09-13T00:57:48.659244+00:00,2164062,12148379648,12148379648,118604427264
2026-09-13T00:57:58.659791+00:00,2164062,12198973440,12198973440,118577553408
2026-09-13T00:58:08.660251+00:00,2164062,12250353664,12250353664,118568157184
2026-09-13T00:58:18.660694+00:00,2164062,12303568896,12303568896,118530994176
2026-09-13T00:58:28.661138+00:00,2164062,12354949120,12354949120,118523723776
2026-09-13T00:58:38.661615+00:00,2164062,12407902208,12407902208,118472974336
2026-09-13T00:58:48.662121+00:00,2164062,12459020288,12459020288,118416789504
2026-09-13T00:58:58.662604+00:00,2164062,12510138368,12510138368,118393511936
2026-09-13T00:59:08.663082+00:00,2164062,12563091456,12563091456,118358188032
2026-09-13T00:59:18.663538+00:00,2164062,12614209536,12614209536,118347120640
2026-09-13T00:59:28.663999+00:00,2164062,12665327616,12665327616,118324195328
2026-09-13T00:59:38.664432+00:00,2164062,12718542848,12718542848,118265057280
2026-09-13T00:59:48.664876+00:00,2164062,12769660928,12769660928,118234570752
2026-09-13T00:59:58.665397+00:00,2164062,12823138304,12823138304,118246768640
2026-09-13T01:00:08.665827+00:00,2164062,12874256384,12874256384,118216577024
2026-09-13T01:00:18.666272+00:00,2164062,12925374464,12925374464,118185893888
2026-09-13T01:00:28.666714+00:00,2164062,12978589696,12978589696,118175080448
2026-09-13T01:00:38.667167+00:00,2164062,13029707776,13029707776,118141726720
2026-09-13T01:00:48.667621+00:00,2164062,13080563712,13080563712,118112514048
2026-09-13T01:00:58.668079+00:00,2164062,13131681792,13131681792,118082113536
2026-09-13T01:01:08.668507+00:00,2164062,13184897024,13184897024,118036234240
2026-09-13T01:01:18.668955+00:00,2164062,13236015104,13236015104,118010355712
2026-09-13T01:01:28.669401+00:00,2164062,13287395328,13287395328,117982134272
2026-09-13T01:01:38.669865+00:00,2164062,13340610560,13340610560,118247886848
2026-09-13T01:01:48.670350+00:00,2164062,13391990784,13391990784,118202720256
2026-09-13T01:01:58.670840+00:00,2164062,13445468160,13445468160,118149799936
2026-09-13T01:02:08.671265+00:00,2164062,13496848384,13496848384,118132711424
2026-09-13T01:02:18.671688+00:00,2164062,13550325760,13550325760,118133469184
2026-09-13T01:02:28.672132+00:00,2164062,13601705984,13601705984,118104432640
2026-09-13T01:02:38.672621+00:00,2164062,13654921216,13654921216,118080368640
2026-09-13T01:02:48.673115+00:00,2164062,13706301440,13706301440,118038491136
2026-09-13T01:02:58.673563+00:00,2164062,13743525888,13743525888,118045032448
2026-09-13T01:03:08.674037+00:00,2164062,13793071104,13793071104,118014418944
2026-09-13T01:03:18.674463+00:00,2164062,13844189184,13844189184,117968949248
2026-09-13T01:03:28.674935+00:00,2164062,13893210112,13893210112,117973598208
2026-09-13T01:03:38.675408+00:00,2164062,13946425344,13946425344,117940350976
2026-09-13T01:03:48.675879+00:00,2164062,13997805568,13997805568,117921067008
2026-09-13T01:03:58.676358+00:00,2164062,14051282944,14051282944,117893210112
2026-09-13T01:04:08.676859+00:00,2164062,14102663168,14102663168,117861556224
2026-09-13T01:04:18.677337+00:00,2164062,14156140544,14156140544,117821878272
2026-09-13T01:04:28.677807+00:00,2164062,14206996480,14206996480,117822558208
2026-09-13T01:04:38.678269+00:00,2164062,14258114560,14258114560,117777854464
2026-09-13T01:04:48.678741+00:00,2164062,14311329792,14311329792,117754404864
2026-09-13T01:04:58.679217+00:00,2164062,14362710016,14362710016,117738381312
2026-09-13T01:05:08.679654+00:00,2164062,14416187392,14416187392,117713690624
2026-09-13T01:05:18.680119+00:00,2164062,14467567616,14467567616,117674004480
2026-09-13T01:05:28.680577+00:00,2164062,14520782848,14520782848,117619605504
2026-09-13T01:05:38.681104+00:00,2164062,14571900928,14571900928,117626396672
2026-09-13T01:05:48.681566+00:00,2164062,14623281152,14623281152,117593325568
2026-09-13T01:05:58.682020+00:00,2164062,14676496384,14676496384,117559640064
2026-09-13T01:06:08.682468+00:00,2164062,14725779456,14725779456,117536395264
2026-09-13T01:06:18.682955+00:00,2164062,14776897536,14776897536,117547782144
2026-09-13T01:06:28.683493+00:00,2164062,14828015616,14828015616,117524320256
2026-09-13T01:06:38.683929+00:00,2164062,14881492992,14881492992,117478064128
2026-09-13T01:06:48.684486+00:00,2164062,14932611072,14932611072,117445521408
2026-09-13T01:06:58.684954+00:00,2164062,14983467008,14983467008,117438926848
2026-09-13T01:07:08.685389+00:00,2164062,15036682240,15036682240,117401743360
2026-09-13T01:07:18.685871+00:00,2164062,15088062464,15088062464,117342425088
2026-09-13T01:07:28.686325+00:00,2164062,15139180544,15139180544,117356642304
2026-09-13T01:07:38.686867+00:00,2164062,15192395776,15192395776,117341110272
2026-09-13T01:07:48.687272+00:00,2164062,15243776000,15243776000,117284007936
2026-09-13T01:07:58.687716+00:00,2164062,15288602624,15288602624,117245837312
2026-09-13T01:08:08.688168+00:00,2164062,15332118528,15332118528,117238308864
2026-09-13T01:08:18.688633+00:00,2164062,15385333760,15385333760,117197905920
2026-09-13T01:08:28.689074+00:00,2164062,15436451840,15436451840,117199192064
2026-09-13T01:08:38.689501+00:00,2164062,15489929216,15489929216,117173694464
2026-09-13T01:08:48.689925+00:00,2164062,15541047296,15541047296,117163712512
2026-09-13T01:08:58.690373+00:00,2164062,15592165376,15592165376,117098729472
2026-09-13T01:09:08.690814+00:00,2164062,15645642752,15645642752,117097365504
2026-09-13T01:09:18.691269+00:00,2164062,15694663680,15694663680,117041868800
2026-09-13T01:09:28.691713+00:00,2164062,15748141056,15748141056,117038968832
2026-09-13T01:09:38.692161+00:00,2164062,15799259136,15799259136,116993519616
2026-09-13T01:09:48.692622+00:00,2164062,15852474368,15852474368,116970913792
2026-09-13T01:09:58.693061+00:00,2164062,15903854592,15903854592,116950515712
2026-09-13T01:10:08.693502+00:00,2164062,15954710528,15954710528,116937265152
2026-09-13T01:10:18.693936+00:00,2164062,16005304320,16005304320,116925227008
2026-09-13T01:10:28.694368+00:00,2164062,16058257408,16058257408,116877750272
2026-09-13T01:10:38.694799+00:00,2164062,16108851200,16108851200,116847550464
2026-09-13T01:10:48.695251+00:00,2164062,16159707136,16159707136,116835438592
2026-09-13T01:10:58.695706+00:00,2164062,16213184512,16213184512,116806000640
2026-09-13T01:11:08.696171+00:00,2164062,16264564736,16264564736,116768694272
2026-09-13T01:11:18.696619+00:00,2164062,16315682816,16315682816,116769329152
2026-09-13T01:11:28.697074+00:00,2164062,16368898048,16368898048,116732243968
2026-09-13T01:11:38.697541+00:00,2164062,16420278272,16420278272,116675436544
2026-09-13T01:11:48.697976+00:00,2164062,16471396352,16471396352,116664635392
2026-09-13T01:11:58.698408+00:00,2164062,16522776576,16522776576,116657311744
2026-09-13T01:12:08.698869+00:00,2164062,16573894656,16573894656,116602130432
2026-09-13T01:12:18.699305+00:00,2164062,16625274880,16625274880,116592525312
2026-09-13T01:12:28.699736+00:00,2164062,16678752256,16678752256,116554027008
2026-09-13T01:12:38.700194+00:00,2164062,16729870336,16729870336,116528324608
2026-09-13T01:12:48.700626+00:00,2164062,16780988416,16780988416,116503068672
2026-09-13T01:12:58.701092+00:00,2164062,16834203648,16834203648,116489711616
2026-09-13T01:13:08.701552+00:00,2164062,16871690240,16871690240,116483629056
2026-09-13T01:13:18.702022+00:00,2164062,16922808320,16922808320,116461215744
2026-09-13T01:13:28.702484+00:00,2164062,16973926400,16973926400,116413702144
2026-09-13T01:13:38.702962+00:00,2164062,17027141632,17027141632,116382265344
2026-09-13T01:13:48.703429+00:00,2164062,17078521856,17078521856,116377591808
2026-09-13T01:13:58.703909+00:00,2164062,17131737088,17131737088,116339712000
2026-09-13T01:14:08.704376+00:00,2164062,17183117312,17183117312,116315103232
2026-09-13T01:14:18.704830+00:00,2164062,17234235392,17234235392,116301864960
2026-09-13T01:14:28.705270+00:00,2164062,17287712768,17287712768,116249890816
2026-09-13T01:14:38.705702+00:00,2164062,17338830848,17338830848,116232556544
2026-09-13T01:14:48.706163+00:00,2164062,17392308224,17392308224,116225482752
2026-09-13T01:14:58.706614+00:00,2164062,17441329152,17441329152,116203577344
2026-09-13T01:15:08.707069+00:00,2164062,17494806528,17494806528,116174819328
2026-09-13T01:15:18.707532+00:00,2164062,17545924608,17545924608,116117172224
2026-09-13T01:15:28.707990+00:00,2164062,17597042688,17597042688,116117823488
2026-09-13T01:15:38.708446+00:00,2164062,17650257920,17650257920,116095660032
2026-09-13T01:15:48.708898+00:00,2164062,17701638144,17701638144,116031741952
2026-09-13T01:15:58.709348+00:00,2164062,17754853376,17754853376,116012797952
2026-09-13T01:16:08.709818+00:00,2164062,17805971456,17805971456,115982295040
2026-09-13T01:16:18.710268+00:00,2164062,17857089536,17857089536,115974066176
2026-09-13T01:16:28.710704+00:00,2164062,17909780480,17909780480,115955908608
2026-09-13T01:16:38.711176+00:00,2164062,17960898560,17960898560,115912597504
2026-09-13T01:16:48.711640+00:00,2164062,18012016640,18012016640,115889258496
2026-09-13T01:16:58.712071+00:00,2164062,18065494016,18065494016,115852840960
2026-09-13T01:17:08.712509+00:00,2164062,18116612096,18116612096,115851284480
2026-09-13T01:17:18.712950+00:00,2164062,18169827328,18169827328,115837239296
2026-09-13T01:17:28.713415+00:00,2164062,18219110400,18219110400,115775660032
2026-09-13T01:17:38.713870+00:00,2164062,18269966336,18269966336,115776974848
2026-09-13T01:17:48.714323+00:00,2164062,18321084416,18321084416,115756388352
2026-09-13T01:17:58.714759+00:00,2164062,18372202496,18372202496,115704193024
2026-09-13T01:18:08.715202+00:00,2164062,18421747712,18421747712,115696271360
2026-09-13T01:18:18.715650+00:00,2164062,18461069312,18461069312,115674791936
2026-09-13T01:18:28.716082+00:00,2164062,18514022400,18514022400,115639812096
2026-09-13T01:18:38.716537+00:00,2164062,18565664768,18565664768,115620352000
2026-09-13T01:18:48.716994+00:00,2164062,18618880000,18618880000,115586568192
2026-09-13T01:18:58.717432+00:00,2164062,18669998080,18669998080,115563745280
2026-09-13T01:19:08.717872+00:00,2164062,18720854016,18720854016,115553763328
2026-09-13T01:19:18.718297+00:00,2164062,18775773184,18775773184,115518488576
2026-09-13T01:19:28.718711+00:00,2164062,18827874304,18827874304,115464155136
2026-09-13T01:19:38.719168+00:00,2164062,18878730240,18878730240,115345166336
2026-09-13T01:19:48.719592+00:00,2164062,18931945472,18931945472,115242864640
2026-09-13T01:19:58.720004+00:00,2164062,18983063552,18983063552,115210850304
2026-09-13T01:20:08.720444+00:00,2164062,19034181632,19034181632,115158740992
2026-09-13T01:20:18.720870+00:00,2164062,19084775424,19084775424,115103977472
2026-09-13T01:20:28.721306+00:00,2164062,19138252800,19138252800,115087069184
2026-09-13T01:20:38.721727+00:00,2164062,19187273728,19187273728,115076841472
2026-09-13T01:20:48.722137+00:00,2164062,19240488960,19240488960,115044958208
2026-09-13T01:20:58.722551+00:00,2164062,19291607040,19291607040,115017740288
2026-09-13T01:21:08.722996+00:00,2164062,19342462976,19342462976,114985816064
2026-09-13T01:21:18.723425+00:00,2164062,19395678208,19395678208,114961666048
2026-09-13T01:21:28.723874+00:00,2164062,19446796288,19446796288,114920050688
2026-09-13T01:21:38.724312+00:00,2164062,19497914368,19497914368,114930802688
2026-09-13T01:21:48.724727+00:00,2164062,19554275328,19554275328,114863173632
2026-09-13T01:21:58.725159+00:00,2164062,19605393408,19605393408,114841747456
2026-09-13T01:22:08.725595+00:00,2164062,19658608640,19658608640,114808856576
2026-09-13T01:22:18.726030+00:00,2164062,19709202432,19709202432,114795732992
2026-09-13T01:22:28.726457+00:00,2164062,19760320512,19760320512,114783023104
2026-09-13T01:22:38.726887+00:00,2164062,19811438592,19811438592,114772058112
2026-09-13T01:22:48.727322+00:00,2164062,19864391680,19864391680,114706055168
2026-09-13T01:22:58.727750+00:00,2164062,19915509760,19915509760,114694070272
2026-09-13T01:23:08.728180+00:00,2164062,19968987136,19968987136,114664390656
2026-09-13T01:23:18.728592+00:00,2164062,20005163008,20005163008,114642595840
2026-09-13T01:23:28.729018+00:00,2164062,20053135360,20053135360,114628390912
2026-09-13T01:23:38.729443+00:00,2164062,20104515584,20104515584,114606653440
2026-09-13T01:23:48.729864+00:00,2164062,20157992960,20157992960,114563235840
2026-09-13T01:23:58.730299+00:00,2164062,20209111040,20209111040,114551279616
2026-09-13T01:24:08.730731+00:00,2164062,20260229120,20260229120,114523979776
2026-09-13T01:24:18.731171+00:00,2164062,20313706496,20313706496,114496815104
2026-09-13T01:24:28.731584+00:00,2164062,20364824576,20364824576,114496413696
2026-09-13T01:24:38.732022+00:00,2164062,20418039808,20418039808,114415882240
2026-09-13T01:24:48.732536+00:00,2164062,20636930048,20636930048,114301546496
2026-09-13T01:24:58.732961+00:00,2164062,20688310272,20688310272,114287616000
2026-09-13T01:25:08.733407+00:00,2164062,20741001216,20741001216,114264453120
2026-09-13T01:25:18.733855+00:00,2164062,20792119296,20792119296,114225774592
2026-09-13T01:25:28.734285+00:00,2164062,20842713088,20842713088,114194001920
2026-09-13T01:25:38.734719+00:00,2164062,20893831168,20893831168,114164465664
2026-09-13T01:25:48.735165+00:00,2164062,20944949248,20944949248,114163089408
2026-09-13T01:25:58.735586+00:00,2164062,20996329472,20996329472,114126696448
2026-09-13T01:26:08.736014+00:00,2164062,21049544704,21049544704,114104315904
2026-09-13T01:26:18.736434+00:00,2164062,21100662784,21100662784,114075279360
2026-09-13T01:26:28.736837+00:00,2164062,21151780864,21151780864,114043334656
2026-09-13T01:26:38.737249+00:00,2164062,21204996096,21204996096,114043592704
2026-09-13T01:26:48.737689+00:00,2164062,21255852032,21255852032,114031157248
2026-09-13T01:26:58.738120+00:00,2164062,21306970112,21306970112,113979973632
2026-09-13T01:27:08.738560+00:00,2164062,21359923200,21359923200,113952333824
2026-09-13T01:27:18.738991+00:00,2164062,21411041280,21411041280,113930321920
2026-09-13T01:27:28.739376+00:00,2164062,21462159360,21462159360,113909960704
2026-09-13T01:27:38.739839+00:00,2164062,21515374592,21515374592,113857896448
2026-09-13T01:27:48.740263+00:00,2164062,21566492672,21566492672,113829232640
2026-09-13T01:27:58.740659+00:00,2164062,21619707904,21619707904,113810870272
2026-09-13T01:28:08.741078+00:00,2164062,21670825984,21670825984,113802371072
2026-09-13T01:28:18.741517+00:00,2164062,21721944064,21721944064,113775165440
2026-09-13T01:28:28.741971+00:00,2164062,21752614912,21752614912,113722372096
2026-09-13T01:28:38.742396+00:00,2164062,21785382912,21785382912,113726676992
2026-09-13T01:28:48.742813+00:00,2164062,21834665984,21834665984,113693835264
2026-09-13T01:28:58.743254+00:00,2164062,21885521920,21885521920,113656614912
2026-09-13T01:29:08.743706+00:00,2164062,21938999296,21938999296,113621995520
2026-09-13T01:29:18.744148+00:00,2164062,21990117376,21990117376,113622200320
2026-09-13T01:29:28.744602+00:00,2164062,22043332608,22043332608,113597132800
2026-09-13T01:29:38.745030+00:00,2164062,22094188544,22094188544,113569099776
2026-09-13T01:29:48.745455+00:00,2164062,22145568768,22145568768,113539268608
2026-09-13T01:29:58.745877+00:00,2164062,22198784000,22198784000,113532379136
2026-09-13T01:30:08.746333+00:00,2164062,22249902080,22249902080,113498103808
2026-09-13T01:30:18.746748+00:00,2164062,22300758016,22300758016,113471582208
2026-09-13T01:30:28.747182+00:00,2164062,22353973248,22353973248,113459773440
2026-09-13T01:30:38.747661+00:00,2164062,22404829184,22404829184,113410433024
2026-09-13T01:30:48.748095+00:00,2164062,22455160832,22455160832,113355624448
2026-09-13T01:30:58.748498+00:00,2164062,22506016768,22506016768,113353416704
2026-09-13T01:31:08.748952+00:00,2164062,22556610560,22556610560,113324351488
2026-09-13T01:31:18.749342+00:00,2164062,22585446400,22585446400,113286955008
2026-09-13T01:31:28.749783+00:00,2164062,22631845888,22631845888,113256558592
2026-09-13T01:31:38.750236+00:00,2164062,22675361792,22675361792,113265631232
2026-09-13T01:31:48.750648+00:00,2164062,22721499136,22721499136,113228242944
2026-09-13T01:31:58.751100+00:00,2164062,22767112192,22767112192,113203499008
2026-09-13T01:32:08.751543+00:00,2164062,22813249536,22813249536,113194033152
2026-09-13T01:32:18.751939+00:00,2164062,22863319040,22863319040,113158049792
2026-09-13T01:32:28.752382+00:00,2164062,22909980672,22909980672,113130635264
2026-09-13T01:32:38.752826+00:00,2164062,22949040128,22949040128,113127485440
2026-09-13T01:32:48.753257+00:00,2164062,22997798912,22997798912,113095757824
2026-09-13T01:32:58.753679+00:00,2164062,23048392704,23048392704,113065787392
2026-09-13T01:33:08.754076+00:00,2164062,23095578624,23095578624,113036566528
2026-09-13T01:33:18.754466+00:00,2164062,23145910272,23145910272,113029808128
2026-09-13T01:33:28.754877+00:00,2164062,23189950464,23189950464,113001865216
2026-09-13T01:33:38.755260+00:00,2164062,23234514944,23234514944,112988618752
2026-09-13T01:33:48.755674+00:00,2164062,23282225152,23282225152,112966914048
2026-09-13T01:33:58.756092+00:00,2164062,23332818944,23332818944,112954834944
2026-09-13T01:34:08.756544+00:00,2164062,23382364160,23382364160,113229713408
2026-09-13T01:34:18.756992+00:00,2164062,23432171520,23432171520,113192312832
2026-09-13T01:34:28.757409+00:00,2164062,23481978880,23481978880,113183608832
2026-09-13T01:34:38.757831+00:00,2164062,23518154752,23518154752,113155891200
2026-09-13T01:34:48.758287+00:00,2164062,23554330624,23554330624,113120579584
2026-09-13T01:34:58.758698+00:00,2164062,23602827264,23602827264,113118224384
2026-09-13T01:35:08.759127+00:00,2164062,23655780352,23655780352,113066917888
2026-09-13T01:35:18.759577+00:00,2164062,23706112000,23706112000,113062924288
2026-09-13T01:35:28.760009+00:00,2164062,23757230080,23757230080,113037955072
2026-09-13T01:35:38.760455+00:00,2164062,23806775296,23806775296,113008762880
2026-09-13T01:35:48.760902+00:00,2164062,23857631232,23857631232,112990924800
2026-09-13T01:35:58.761341+00:00,2164062,23908487168,23908487168,112947703808
2026-09-13T01:36:08.761796+00:00,2164062,23959343104,23959343104,112942489600
2026-09-13T01:36:18.762257+00:00,2164062,24012296192,24012296192,112904400896
2026-09-13T01:36:28.762671+00:00,2164062,24063414272,24063414272,112892047360
2026-09-13T01:36:38.763120+00:00,2164062,24115843072,24115843072,112858640384
2026-09-13T01:36:48.763578+00:00,2164062,24168796160,24168796160,112819585024
2026-09-13T01:36:58.764052+00:00,2164062,24219914240,24219914240,112810504192
2026-09-13T01:37:08.764502+00:00,2164062,24265265152,24265265152,112763265024
2026-09-13T01:37:18.764950+00:00,2164062,24316383232,24316383232,112752816128
2026-09-13T01:37:28.765401+00:00,2164062,24357539840,24357539840,112720052224
2026-09-13T01:37:38.765858+00:00,2164062,24397910016,24397910016,112712511488
2026-09-13T01:37:48.766302+00:00,2164062,24437231616,24437231616,112673431552
2026-09-13T01:37:58.766746+00:00,2164062,24467640320,24467640320,112687976448
2026-09-13T01:38:08.767258+00:00,2164062,24517447680,24517447680,112660262912
2026-09-13T01:38:18.767721+00:00,2164062,24564371456,24564371456,112632516608
2026-09-13T01:38:28.768164+00:00,2164062,24614178816,24614178816,112606384128
2026-09-13T01:38:38.768615+00:00,2164062,24650878976,24650878976,112591577088
2026-09-13T01:38:48.769048+00:00,2164062,24690200576,24690200576,112570044416
2026-09-13T01:38:58.769495+00:00,2164062,24991404032,24991404032,112421441536
2026-09-13T01:39:08.769949+00:00,2164062,25036492800,25036492800,112376709120
2026-09-13T01:39:18.770400+00:00,2164062,25083154432,25083154432,112348831744
2026-09-13T01:39:28.770841+00:00,2164062,25113563136,25113563136,112343449600
2026-09-13T01:39:38.771260+00:00,2164062,25142398976,25142398976,112341254144
2026-09-13T01:39:48.771691+00:00,2164062,25167040512,25167040512,112336404480
2026-09-13T01:39:58.772118+00:00,2164062,25184342016,25184342016,112318619648
2026-09-13T01:40:08.772558+00:00,2164062,25204527104,25204527104,112310222848
2026-09-13T01:40:18.772993+00:00,2164062,25229955072,25229955072,112289890304
2026-09-13T01:40:28.773450+00:00,2164062,25261674496,25261674496,112278712320
2026-09-13T01:40:38.773968+00:00,2164062,25304141824,25304141824,112258129920
2026-09-13T01:40:48.774411+00:00,2164062,25323540480,25323540480,112248893440
2026-09-13T01:40:58.774845+00:00,2164062,25361289216,25361289216,112232247296
2026-09-13T01:41:08.775283+00:00,2164062,25402445824,25402445824,112220807168
2026-09-13T01:41:18.775720+00:00,2164062,25440194560,25440194560,112196894720
2026-09-13T01:41:28.776170+00:00,2164062,25481089024,25481089024,112189812736
2026-09-13T01:41:38.776627+00:00,2164062,25520410624,25520410624,112167714816
2026-09-13T01:41:48.777050+00:00,2164062,25562091520,25562091520,112154517504
2026-09-13T01:41:58.777461+00:00,2164062,25608491008,25608491008,112124923904
2026-09-13T01:42:08.777885+00:00,2164062,25657511936,25657511936,112099803136
2026-09-13T01:42:18.778349+00:00,2164062,25704697856,25704697856,112067174400
2026-09-13T01:42:28.778788+00:00,2164062,25753718784,25753718784,112040964096
2026-09-13T01:42:38.779244+00:00,2164062,25800904704,25800904704,112014135296
2026-09-13T01:42:48.779700+00:00,2164062,25847828480,25847828480,112010686464
2026-09-13T01:42:58.780154+00:00,2164062,25896325120,25896325120,111982329856
2026-09-13T01:43:08.780591+00:00,2164062,25943248896,25943248896,111953440768
2026-09-13T01:43:18.781047+00:00,2164062,25990434816,25990434816,111925080064
2026-09-13T01:43:28.781494+00:00,2164062,26039193600,26039193600,111893954560
2026-09-13T01:43:38.781937+00:00,2164062,26073272320,26073272320,111868297216
2026-09-13T01:43:48.782377+00:00,2164062,26093719552,26093719552,111859785728
2026-09-13T01:43:58.782810+00:00,2164062,26131730432,26131730432,111839870976
2026-09-13T01:44:08.783265+00:00,2164062,26178654208,26178654208,111801634816
2026-09-13T01:44:18.783693+00:00,2164062,26226364416,26226364416,111818244096
2026-09-13T01:44:28.784112+00:00,2164062,26273288192,26273288192,111785713664
2026-09-13T01:44:38.784565+00:00,2164062,26318114816,26318114816,111759912960
2026-09-13T01:44:48.785002+00:00,2164062,26361368576,26361368576,111728357376
2026-09-13T01:44:58.785449+00:00,2164062,26411438080,26411438080,111708823552
2026-09-13T01:45:08.785896+00:00,2164062,26457313280,26457313280,111699730432
2026-09-13T01:45:18.786346+00:00,2164062,26503974912,26503974912,111644827648
2026-09-13T01:45:28.786797+00:00,2164062,26553520128,26553520128,111610585088
2026-09-13T01:45:38.787246+00:00,2164062,26604113920,26604113920,111581933568
2026-09-13T01:45:48.787703+00:00,2164062,26653396992,26653396992,111549505536
2026-09-13T01:45:58.788142+00:00,2164062,26701369344,26701369344,111553286144
2026-09-13T01:46:08.788577+00:00,2164062,26751176704,26751176704,111537266688
2026-09-13T01:46:18.789008+00:00,2164062,26797051904,26797051904,111507746816
2026-09-13T01:46:28.789472+00:00,2164062,26846597120,26846597120,111471931392
2026-09-13T01:46:38.789925+00:00,2164062,26893258752,26893258752,111437123584
2026-09-13T01:46:48.790347+00:00,2164062,26939920384,26939920384,111425122304
2026-09-13T01:46:58.790785+00:00,2164062,26985533440,26985533440,111407181824
2026-09-13T01:47:08.791250+00:00,2164062,27024592896,27024592896,111398912000
2026-09-13T01:47:18.791710+00:00,2164062,27062865920,27062865920,111366201344
2026-09-13T01:47:28.792184+00:00,2164062,27108216832,27108216832,111369785344
2026-09-13T01:47:38.792623+00:00,2164062,27161169920,27161169920,111357894656
2026-09-13T01:47:48.793080+00:00,2164062,27211239424,27211239424,111329452032
2026-09-13T01:47:58.793524+00:00,2164062,27253182464,27253182464,111292411904
2026-09-13T01:48:08.793995+00:00,2164062,27303514112,27303514112,111267180544
2026-09-13T01:48:18.794446+00:00,2164062,27351224320,27351224320,111246979072
2026-09-13T01:48:28.794894+00:00,2164062,27401555968,27401555968,111204978688
2026-09-13T01:48:38.795351+00:00,2164062,27451625472,27451625472,111174832128
2026-09-13T01:48:48.795809+00:00,2164062,27489898496,27489898496,111165890560
2026-09-13T01:48:58.796272+00:00,2164062,27535511552,27535511552,111159988224
2026-09-13T01:49:08.796726+00:00,2164062,27585843200,27585843200,111120306176
2026-09-13T01:49:18.797182+00:00,2164062,27636174848,27636174848,111051251712
2026-09-13T01:49:28.797637+00:00,2164062,27686244352,27686244352,111059214336
2026-09-13T01:49:38.798078+00:00,2164062,27735789568,27735789568,111030722560
2026-09-13T01:49:48.798515+00:00,2164062,27782975488,27782975488,111045582848
2026-09-13T01:49:58.798963+00:00,2164062,27828588544,27828588544,110984830976
2026-09-13T01:50:08.799417+00:00,2164062,27879182336,27879182336,110980489216
2026-09-13T01:50:18.799856+00:00,2164062,27930038272,27930038272,110969765888
2026-09-13T01:50:28.800313+00:00,2164062,27981156352,27981156352,110914842624
2026-09-13T01:50:38.800776+00:00,2164062,28031488000,28031488000,110885212160
2026-09-13T01:50:48.801221+00:00,2164062,28082081792,28082081792,110860611584
2026-09-13T01:50:58.801655+00:00,2164062,28131889152,28131889152,110829064192
2026-09-13T01:51:08.802093+00:00,2164062,28183007232,28183007232,110815121408
2026-09-13T01:51:18.802533+00:00,2164062,28229931008,28229931008,110808326144
2026-09-13T01:51:28.802970+00:00,2164062,28283146240,28283146240,110792077312
2026-09-13T01:51:38.803398+00:00,2164062,28334002176,28334002176,110756061184
2026-09-13T01:51:48.803937+00:00,2164062,28380139520,28380139520,110732918784
2026-09-13T01:51:58.804399+00:00,2164062,28418150400,28418150400,110703648768
2026-09-13T01:52:08.804845+00:00,2164062,28456423424,28456423424,110664818688
2026-09-13T01:52:18.805294+00:00,2164062,28501774336,28501774336,110655037440
2026-09-13T01:52:28.805727+00:00,2164062,28544765952,28544765952,110636924928
2026-09-13T01:52:38.806159+00:00,2164062,28590903296,28590903296,110609293312
2026-09-13T01:52:48.806584+00:00,2164062,28639662080,28639662080,110571565056
2026-09-13T01:52:58.807014+00:00,2164062,28677935104,28677935104,110573309952
2026-09-13T01:53:08.807468+00:00,2164062,28723548160,28723548160,110544052224
2026-09-13T01:53:18.807908+00:00,2164062,28772306944,28772306944,110530584576
2026-09-13T01:53:28.808356+00:00,2164062,28806647808,28806647808,110486593536
2026-09-13T01:53:38.808817+00:00,2164062,28837318656,28837318656,110456295424
2026-09-13T01:53:48.809275+00:00,2164062,28875591680,28875591680,110449180672
2026-09-13T01:53:58.809716+00:00,2164062,28906000384,28906000384,110449979392
2026-09-13T01:54:08.810153+00:00,2164062,28944535552,28944535552,110441074688
2026-09-13T01:54:18.810614+00:00,2164062,28979924992,28979924992,110418534400
2026-09-13T01:54:28.811096+00:00,2164062,29013741568,29013741568,110408400896
2026-09-13T01:54:38.811547+00:00,2164062,29043625984,29043625984,110388084736
2026-09-13T01:54:48.811965+00:00,2164062,29070626816,29070626816,110387728384
2026-09-13T01:54:58.812414+00:00,2164062,29104967680,29104967680,110355345408
2026-09-13T01:55:08.812881+00:00,2164062,29143502848,29143502848,110346498048
2026-09-13T01:55:18.813335+00:00,2164062,29164212224,29164212224,110324879360
2026-09-13T01:55:28.813796+00:00,2164062,29203009536,29203009536,110320361472
2026-09-13T01:55:38.814253+00:00,2164062,29253865472,29253865472,110302822400
2026-09-13T01:55:48.814681+00:00,2164062,29296594944,29296594944,110268354560
2026-09-13T01:55:58.815148+00:00,2164062,29347713024,29347713024,110224809984
2026-09-13T01:56:08.815612+00:00,2164062,29394374656,29394374656,110229012480
2026-09-13T01:56:18.816059+00:00,2164062,29443133440,29443133440,110228271104
2026-09-13T01:56:28.816510+00:00,2164062,29492154368,29492154368,110193659904
2026-09-13T01:56:38.816945+00:00,2164062,29536980992,29536980992,110184484864
2026-09-13T01:56:48.817399+00:00,2164062,29588099072,29588099072,110151614464
2026-09-13T01:56:58.817846+00:00,2164062,29631090688,29631090688,110114373632
2026-09-13T01:57:08.818313+00:00,2164062,29680111616,29680111616,110094839808
2026-09-13T01:57:18.818756+00:00,2164062,29725724672,29725724672,110083063808
2026-09-13T01:57:28.819208+00:00,2164062,29772910592,29772910592,110086828032
2026-09-13T01:57:38.819652+00:00,2164062,29824028672,29824028672,110072209408
2026-09-13T01:57:48.820107+00:00,2164062,29868855296,29868855296,110062067712
2026-09-13T01:57:58.820570+00:00,2164062,29920235520,29920235520,110021509120
2026-09-13T01:58:08.820975+00:00,2164062,29967159296,29967159296,110000640000
2026-09-13T01:58:18.821555+00:00,2164062,30016180224,30016180224,109963325440
2026-09-13T01:58:28.822024+00:00,2164062,30063104000,30063104000,109954822144
2026-09-13T01:58:38.822467+00:00,2164062,30110289920,30110289920,109939585024
2026-09-13T01:58:48.822918+00:00,2164062,30161670144,30161670144,109906661376
2026-09-13T01:58:58.823376+00:00,2164062,30197321728,30197321728,109887045632
2026-09-13T01:59:08.823833+00:00,2164062,30239789056,30239789056,109801594880
2026-09-13T01:59:18.824304+00:00,2164062,30286712832,30286712832,109737832448
2026-09-13T01:59:28.824765+00:00,2164062,30335995904,30335995904,109744316416
2026-09-13T01:59:38.825228+00:00,2164062,30387638272,30387638272,109711687680
2026-09-13T01:59:48.825675+00:00,2164062,30429843456,30429843456,109704019968
2026-09-13T01:59:58.826138+00:00,2164062,30480175104,30480175104,109692919808
2026-09-13T02:00:08.826576+00:00,2164062,30523953152,30523953152,109677948928
2026-09-13T02:00:18.827038+00:00,2164062,30572384256,30572384256,109632647168
2026-09-13T02:00:28.828084+00:00,2164062,30621995008,30621995008,109622378496
2026-09-13T02:00:38.828526+00:00,2164062,30671540224,30671540224,109616205824
2026-09-13T02:00:48.828962+00:00,2164062,30719774720,30719774720,109579702272
2026-09-13T02:00:58.829418+00:00,2164062,30762504192,30762504192,109552082944
2026-09-13T02:01:08.829872+00:00,2164062,30813622272,30813622272,109541744640
2026-09-13T02:01:18.830325+00:00,2164062,30860546048,30860546048,109527400448
2026-09-13T02:01:28.830739+00:00,2164062,30907207680,30907207680,109491867648
2026-09-13T02:01:38.831174+00:00,2164062,30956228608,30956228608,109486854144
2026-09-13T02:01:48.831615+00:00,2164062,30992928768,30992928768,109485158400
2026-09-13T02:01:58.832055+00:00,2164062,31041425408,31041425408,109437493248
2026-09-13T02:02:08.832526+00:00,2164062,31087353856,31087353856,109494427648
2026-09-13T02:02:18.832970+00:00,2164062,31130664960,31130664960,109455011840
2026-09-13T02:02:28.833434+00:00,2164062,31176450048,31176450048,109482303488
2026-09-13T02:02:38.833884+00:00,2164062,31219879936,31219879936,109425917952
2026-09-13T02:02:48.834350+00:00,2164062,31264452608,31264452608,109418364928
2026-09-13T02:02:58.834787+00:00,2164062,31306489856,31306489856,109399896064
2026-09-13T02:03:08.835259+00:00,2164062,31352336384,31352336384,109405241344
2026-09-13T02:03:18.835710+00:00,2164062,31401304064,31401304064,109381357568
2026-09-13T02:03:28.836144+00:00,2164062,31443734528,31443734528,109358309376
2026-09-13T02:03:38.836592+00:00,2164062,31493881856,31493881856,109351563264
2026-09-13T02:03:48.837031+00:00,2164062,31537659904,31537659904,109320814592
2026-09-13T02:03:58.837456+00:00,2164062,31582056448,31582056448,109292625920
2026-09-13T02:04:08.837927+00:00,2164062,31619543040,31619543040,109252984832
2026-09-13T02:04:18.838390+00:00,2164062,31660699648,31660699648,109252648960
2026-09-13T02:04:28.838852+00:00,2164062,31711444992,31711444992,109278306304
2026-09-13T02:04:38.839280+00:00,2164062,31756443648,31756443648,109258379264
2026-09-13T02:04:48.839769+00:00,2164062,31805464576,31805464576,109195915264
2026-09-13T02:04:58.840202+00:00,2164062,31852912640,31852912640,109174112256
2026-09-13T02:05:08.842260+00:00,2164062,24131198976,33995227136,106631163904
2026-09-13T02:05:18.842729+00:00,2164062,2407366656,33995227136,115166990336
2026-09-13T02:05:28.843177+00:00,2164062,2425954304,33995227136,115153264640
2026-09-13T02:05:38.843612+00:00,2164062,2459471872,33995227136,115167449088
2026-09-13T02:05:48.844059+00:00,2164062,2814357504,33995227136,114697318400
2026-09-13T02:05:58.844548+00:00,2164062,3273895936,33995227136,114056105984
2026-09-13T02:06:08.844998+00:00,2164062,3320610816,33995227136,113967833088
2026-09-13T02:06:18.845432+00:00,2164062,3320643584,33995227136,113958412288
2026-09-13T02:06:28.845838+00:00,2164062,3320655872,33995227136,113977450496
2026-09-13T02:06:38.846250+00:00,2164062,3320664064,33995227136,113982353408
2026-09-13T02:06:48.846693+00:00,2164062,3320672256,33995227136,113985327104
2026-09-13T02:06:58.847148+00:00,2164062,3320680448,33995227136,113994301440
2026-09-13T02:07:08.847568+00:00,2164062,3333111808,33995227136,113947860992
2026-09-13T02:07:18.848024+00:00,2164062,3400392704,33995227136,113863868416
2026-09-13T02:07:28.848457+00:00,2164062,3404521472,33995227136,113869303808
2026-09-13T02:07:38.848886+00:00,2164062,3404750848,33995227136,113888571392
2026-09-13T02:07:48.849312+00:00,2164062,3416625152,33995227136,113821487104
2026-09-13T02:07:58.849757+00:00,2164062,3418284032,33995227136,113803923456
2026-09-13T02:08:08.850196+00:00,2164062,3418677248,33995227136,113787707392
2026-09-13T02:08:18.850616+00:00,2164062,3418677248,33995227136,113822638080
2026-09-13T02:08:28.851053+00:00,2164062,3419607040,33995227136,113796558848
2026-09-13T02:08:38.851489+00:00,2164062,3420737536,33995227136,113812602880
2026-09-13T02:08:48.851920+00:00,2164062,3422142464,33995227136,113796538368
2026-09-13T02:08:58.852311+00:00,2164062,3425214464,33995227136,113809788928
2026-09-13T02:09:08.852767+00:00,2164062,3433394176,33995227136,113765638144
2026-09-13T02:09:18.853184+00:00,2164062,3435573248,33995227136,113799430144
2026-09-13T02:09:28.853615+00:00,2164062,3442053120,33995227136,113807388672
2026-09-13T02:09:38.854042+00:00,2164062,3453349888,33995227136,113734955008
2026-09-13T02:09:48.854457+00:00,2164062,3453501440,33995227136,113775206400
2026-09-13T02:09:58.854886+00:00,2164062,3458768896,33995227136,113754185728
2026-09-13T02:10:08.855328+00:00,2164062,3458772992,33995227136,113769017344
2026-09-13T02:10:18.855783+00:00,2164062,3489980416,33995227136,113756213248
2026-09-13T02:10:28.856233+00:00,2164062,3489980416,33995227136,113760260096
2026-09-13T02:10:38.856658+00:00,2164062,3493376000,33995227136,113746235392
2026-09-13T02:10:48.857105+00:00,2164062,3495624704,33995227136,113752834048
2026-09-13T02:10:58.857525+00:00,2164062,3495624704,33995227136,113720500224
2026-09-13T02:11:08.857956+00:00,2164062,3495624704,33995227136,113708785664
2026-09-13T02:11:18.858396+00:00,2164062,3495624704,33995227136,113706717184
2026-09-13T02:11:28.858834+00:00,2164062,3495837696,33995227136,113729671168
2026-09-13T02:11:38.859279+00:00,2164062,3499819008,33995227136,113718337536
2026-09-13T02:11:48.859707+00:00,2164062,3501916160,33995227136,113697116160
2026-09-13T02:11:58.860140+00:00,2164062,3506110464,33995227136,113702146048
2026-09-13T02:12:08.860588+00:00,2164062,3510304768,33995227136,113696374784
2026-09-13T02:12:18.861014+00:00,2164062,3512651776,33995227136,113695408128
2026-09-13T02:12:28.861462+00:00,2164062,3517476864,33995227136,113672871936
2026-09-13T02:12:38.861915+00:00,2164062,3519860736,33995227136,113681838080
2026-09-13T02:12:48.862367+00:00,2164062,3525013504,33995227136,113715556352
2026-09-13T02:12:58.862795+00:00,2164062,3530326016,33995227136,113688592384
2026-09-13T02:13:08.863238+00:00,2164062,3638308864,33995227136,106560794624
2026-09-13T02:13:18.863654+00:00,2164062,3645276160,33995227136,106433888256
2026-09-13T02:13:28.864102+00:00,2164062,3648737280,33995227136,106415534080
2026-09-13T02:13:38.864558+00:00,2164062,3584622592,33995227136,106712739840
