id,label,calls,shape,logical_tensor_flops,scalar_flops_estimate,formula,tensor_io_once_bytes,weight_bytes,special_ops,estimate_note,logical_flops_per_call,logical_gflop_per_call,ncu_bf16_gflop_per_call,ncu_fp32_gflop_per_call,mean_ncu_us,total_ncu_ms,time_percent,logical_tensor_tflops,ncu_tensor_tflops,ncu_scalar_tflops,tensor_counter_over_logical,ncu_l2_bytes_per_call,ncu_l2_gbps,ncu_tensor_ai_l2,logical_tensor_ai_io_once,io_once_equivalent_gbps,io_once_time_at_273gbps_us,l2_bytes_over_io_once,dram_crossover_tensor_tflops,operator
1,Prefix FFN: GELU product,17,"gate/up [918,32768] -> [918,16384]",0,135364608,9*L*H add/mul + L*H tanh,90243072,0,15040512 tanh,,135364608,0.135364608,0.0,0.23091134541176472,343.56329411764705,5.840576,6.892262470743815,0.0,0.0,0.6721071469663267,,90367461.64705883,263.0300244359461,0.0,0.0,262.6679669950361,330.5607032967033,1.001378384448823,0.0,"Prefix FFN: GELU product | triton_poi_fused_gelu_mul_split_0 | grid=(29376, 1, 1) block=(128, 1, 1)"
2,Prefix FFN: down + residual,17,"[918,16384] @ [16384,2048]",61605937152,1880064,2*918*16384*2048 tensor; 1880064 scalar,104710144,67108864,,FMA=2; logical dimensions; excludes MMA tile padding and compiler epilogue overhead,61607817216,61.607817216,61.74015488,0.00376832,786.8687058823529,13.376768,15.785462951983984,78.29252414215452,78.46309609017665,0.004789007329722696,1.0021786492374727,448205720.4705882,569.6067426750617,137.74959144916014,588.3473634798936,133.07193845329456,383.553641025641,4.280442212653133,160.61883023001096,"Prefix FFN: down + residual | nvjet_sm110_tst_256x184_64x3_2x1_v_badd_NNT | grid=(40, 1, 1) block=(256, 1, 1)"
3,Prefix FFN: gate/up projection,17,"[918,2048] @ [2048,32768]",123211874304,0,2*918*2048*32768 tensor; 0 scalar,198139904,134217728,,FMA=2; logical dimensions; excludes MMA tile padding and compiler epilogue overhead,123211874304,123.211874304,124.554051584,0.060817408,859.5689411764706,14.612672,17.24391067300365,143.3414684985744,144.9029224037876,0.07075338007997442,1.0108932461873639,812038870.5882353,944.7047603614178,153.38434660618393,621.8428081200645,230.51077640009984,725.7871941391941,4.098310608792034,169.7630866167776,"Prefix FFN: gate/up projection | nvjet_sm110_tst_256x232_64x3_1x2_h_bz_NNT | grid=(512, 1, 1) block=(256, 1, 1)"
4,Prefix: Attention P × V,17,"[7344,918] @ [918,256]",3451797504,0,2*(8*L)*L*256,17713728,0,,,3451797504,3.451797504,3.6175872,0.0,266.0404705882353,4.522688,5.337068256501311,12.974708307979679,13.597883028853637,0.0,1.0480299599868996,222152798.11764705,835.0338488969392,16.284229731305064,194.86567164179104,66.58283215645208,64.88545054945055,12.541278612703495,53.198328358208954,"Prefix: Attention P × V | _matmul_small | grid=(1840, 1, 1) block=(128, 1, 1)"
5,Prefix: Attention QKᵀ + scale,17,"[7344,256] @ [256,918]",3451797504,6741792,2*(8*L)*256*L tensor + 8*L*L scale,31197312,0,,,3458539296,3.458539296,3.49700096,0.00683008,255.7195294117647,4.347232,5.130018677133313,13.498372658280028,13.675142325047295,0.026709262353607998,1.0130956279873362,242990597.6470588,950.2230752810063,14.391507300539075,110.64406779661017,121.99815974854805,114.27586813186814,7.788831218762014,30.205830508474577,"Prefix: Attention QKᵀ + scale | _matmul_abt_scale | grid=(6670, 1, 1) block=(128, 1, 1)"
6,Prefix: Attention output + residual,17,"[918,2048] @ [2048,2048]",7700742144,1880064,2*918*2048*2048 tensor; 1880064 scalar,19668992,8388608,,FMA=2; logical dimensions; excludes MMA tile padding and compiler epilogue overhead,7702622208,7.702622208,8.05306368,0.0,215.39011764705882,3.661632,4.320965742980593,35.75253232656913,37.38826909968014,0.0,1.0457516339869282,249583446.5882353,1158.7506860328947,32.266016797524266,391.5168679716785,91.31798717074791,72.04758974358975,12.689183390192811,106.88410495626822,"Prefix: Attention output + residual | _matmul_small_res | grid=(480, 1, 1) block=(128, 1, 1)"
7,Prefix: Prefix RoPE table,1,"positions [918], half-dim 128",0,352512,3*L*128 mul before folding unit attention_scaling,947888,0,117504 sin + 117504 cos,Unit scaling may be folded; trig implementation arithmetic is excluded,352512,0.000352512,0.0,0.004678494,18.784,0.018784,0.02216635110140709,0.0,0.0,0.2490680366269165,,1149056.0,61.17206132879046,0.0,0.0,50.46252129471891,3.472117216117216,1.2122276049491079,0.0,"Prefix: Prefix RoPE table | _build_gemma_rope_from_positions | grid=(58, 1, 1) block=(128, 1, 1)"
8,Prefix: Prefix masked softmax,17,"[7344,918] softmax",0,20218032,"R*(3*C-1), R=8*L, C=L: subtract + reduction + reciprocal multiply",40454424,0,6741792 exp + 7344 reciprocal + max comparisons,"Logical reduction, excludes padded 1024-key lanes and transcendental lowering",20218032,0.020218032,0.0,0.03586889258823529,146.5524705882353,2.491392,2.9400058455726583,0.0,0.0,0.24475119692123923,,41614639.058823526,283.95726726263865,0.0,0.0,276.04054600801476,148.18470329670328,1.028679559467304,0.0,"Prefix: Prefix masked softmax | _softmax_mask_vector | grid=(1836, 1, 1) block=(128, 1, 1)"
9,Prefix: QKV projection + Gemma RoPE,18,"[918,2048] @ [2048,2560]",9625927680,6345216,2*918*2048*2560 tensor; 6345216 scalar,19416064,10485760,,FMA=2; logical dimensions; excludes MMA tile padding and compiler epilogue overhead,9632272896,9.632272896,9.73078528,0.006414336,255.23555555555555,4.59424,5.421504306011952,37.71389788953124,38.124724663927005,0.025131044089990943,1.0108932461873639,344330632.8888889,1349.0700076617677,28.260004630897885,495.77132007805494,76.07115692693459,71.12111355311355,17.73431694955728,135.345570381309,"Prefix: QKV projection + Gemma RoPE | _matmul_gemma_rope_qkv | grid=(29, 10, 1) block=(128, 1, 1)"
10,Prefix: RMSNorm (pre-FFN),17,"[918,2048]",0,9401238,"L*(5*D+1): x^2, sum, mean, epsilon, (1+w), two output multiplies",7524352,4096,918 rsqrt,"Logical reduction; source rereads x in its second pass, which can hit cache",9401238,0.009401238,0.0,0.010340352,29.31576470588235,0.498368,0.5881069029869063,0.0,0.0,0.3527232567099011,,8302569.411764706,283.21176319506867,0.0,0.0,256.665724926159,27.561728937728937,1.1034265026097536,0.0,"Prefix: RMSNorm (pre-FFN) | _rms_norm_kernel | grid=(918, 1, 1) block=(128, 1, 1)"
11,Prefix: RMSNorm (pre-attention),18,"[918,2048]",0,9401238,"L*(5*D+1): x^2, sum, mean, epsilon, (1+w), two output multiplies",7524352,4096,918 rsqrt,"Logical reduction; source rereads x in its second pass, which can hit cache",9401238,0.009401238,0.0,0.010340352,29.136,0.524448,0.618883012267395,0.0,0.0,0.3548995057660626,,8320305.777777778,285.56788089572274,0.0,0.0,258.2493135639758,27.561728937728937,1.1057836977560032,0.0,"Prefix: RMSNorm (pre-attention) | _rms_norm_kernel | grid=(918, 1, 1) block=(128, 1, 1)"
12,Prefix: concatenate image/text embeddings,1,"[1,968,2048] concatenate, then view first 918",0,0,0 (copy),7929856,0,,Three image sequences plus 200 padded text positions; prefix encoder uses 918 valid positions,0,0.0,0.0,0.0,28.000000000000004,0.028000000000000004,0.033041835117088934,0.0,0.0,0.0,,7985632.0,285.2011428571428,0.0,0.0,283.2091428571428,29.047091575091574,1.0070336712293388,0.0,"Prefix: concatenate image/text embeddings | void at::<unnamed>::CatArrayBatchedCopy_vectorized<at::<unnamed>::OpaqueType<2>, unsigned int, 2, 128, 1, 16, 8>(char *, at::<unnamed>::CatArrInputTensorMetadata<T1, T2, T4, T5>, at::<unnamed>::TensorSizeStride<T2, 4>, int, T2) | grid=(512, 4, 1) block=(128, 1, 1)"
13,Prefix: mask conversion/copy,1,[918] mask conversion,0,0,0 (integer/copy),,0,,,0,0.0,0.0,0.0,15.872,0.015872,0.018730000249229845,0.0,0.0,0.0,,129856.0,8.181451612903226,0.0,,,,,,"Prefix: mask conversion/copy | void at::unrolled_elementwise_kernel<at::direct_copy_kernel_cuda(at::TensorIteratorBase &)::[lambda() (instance 3)]::operator ()() const::[lambda() (instance 3)]::operator ()() const::[lambda(int) (instance 1)], std::array<char *, 2>, 4, TrivialOffsetCalculator<1, unsigned int>, TrivialOffsetCalculator<1, unsigned int>, memory::LoadWithCast<1>, memory::StoreWithCast<1>>(int, T1, T2, T4, T5, T6, T7) | grid=(2, 1, 1) block=(128, 1, 1)"
14,Prefix: valid-length fill,1,one valid-length integer,0,0,0 (integer fill),,0,,,0,0.0,0.0,0.0,12.288000000000002,0.012288000000000002,0.014500645354242461,0.0,0.0,0.0,,33440.0,2.721354166666666,0.0,,,,,,"Prefix: valid-length fill | void at::vectorized_elementwise_kernel<4, at::FillFunctor<int>, std::array<char *, 1>>(int, T2, T3) | grid=(1, 1, 1) block=(128, 1, 1)"
15,Text: embedding lookup,1,"[200] -> [200,2048] embedding",0,0,0 (gather),1640000,0,,Includes padded text positions; repeated token IDs may reuse weights,0,0.0,0.0,0.0,18.560000000000002,0.018560000000000004,0.021902016420470384,0.0,0.0,0.0,,1181088.0,63.63620689655171,0.0,0.0,88.36206896551722,6.007326007326007,0.7201756097560975,0.0,"Text: embedding lookup | void at::vectorized_gather_kernel<16, long>(char *, char *, T2 *, int, long, long, long, long, bool) | grid=(200, 1, 1) block=(256, 1, 1)"
16,Text: embedding scale,1,"[200,2048] scale",0,409600,200*D mul,1638400,0,,,409600,0.0004096,0.0,0.0004096,20.064,0.020064,0.02367683499247401,0.0,0.0,0.020414673046251993,,1759424.0,87.69059011164275,0.0,0.0,81.65869218500798,6.0014652014652015,1.0738671875,0.0,"Text: embedding scale | void at::elementwise_kernel<128, 4, void at::gpu_kernel_impl_nocast<at::BinaryFunctor<c10::BFloat16, c10::BFloat16, c10::BFloat16, binary_internal::MulFunctor<float>>>(at::TensorIteratorBase &, const T1 &)::[lambda(int) (instance 1)]>(int, T3) | grid=(800, 1, 1) block=(128, 1, 1)"
17,Vision: FFN GELU,81,"[256,4304] GELU",0,8814592,8*S*F add/mul + S*F tanh,4407296,0,1101824 tanh,,8814592,0.008814592,0.0,0.01510298674074074,24.673975308641978,1.9985920000000001,2.358469547511893,0.0,0.0,0.6121018827254388,,4460010.666666667,180.757685410529,0.0,0.0,178.62123735109515,16.143941391941393,1.0119607729244116,0.0,"Vision: FFN GELU | triton_poi_fused_gelu_view_5 | grid=(2152, 1, 1) block=(128, 1, 1)"
18,Vision: FFN contraction + bias,81,"[256,4304] @ [4304,1152]",2538602496,294912,2*256*4304*1152 tensor; 294912 scalar,12712192,9916416,,FMA=2; logical dimensions; excludes MMA tile padding and compiler epilogue overhead,2538897408,2.538897408,2.566914048,0.000884736,76.79762962962964,6.220608,7.340725138001584,33.055740238896256,33.424391617025215,0.01152035556652983,1.0111524163568772,24626647.308641974,320.66936736730554,104.23319162487942,199.69824999496547,165.52844223587147,46.56480586080586,1.9372463308170593,54.51762224862557,"Vision: FFN contraction + bias | nvjet_sm110_tst_144x128_64x6_4x1_v_bz_bias_TNN | grid=(16, 1, 1) block=(256, 1, 1)"
19,Vision: FFN expansion + bias,81,"[256,1152] @ [1152,4304]",2538602496,1101824,2*256*1152*4304 tensor; 1101824 scalar,12718496,9916416,,FMA=2; logical dimensions; excludes MMA tile padding and compiler epilogue overhead,2539704320,2.53970432,2.64241152,0.00344064,60.98172839506173,4.93952,5.828957335627255,41.62890365379632,43.331200829230376,0.056420834413060374,1.0408921933085502,23278236.444444444,381.7247732573205,113.51424865480455,199.59926834116234,208.5624060637471,46.58789743589744,1.8302664438031386,54.490600257137324,"Vision: FFN expansion + bias | nvjet_sm110_tst_224x128_64x7_1x2_2cta_h_bz_bias_TNN | grid=(40, 1, 1) block=(256, 1, 1)"
20,Vision: FlashAttention,81,"[1,16,256,72] Q/K/V, full attention",301989888,4190208,4*heads*S^2*d tensor; ~heads*S*(4*S-1) scalar,2359296,0,1048576 exp + 4096 reciprocal + max comparisons,"Algorithmic full attention estimate, no materialized score matrix; online-softmax rescaling/reductions add work. Kernel trait pads d=72 to 96.",306180096,0.306180096,0.402653184,0.005079040716049382,31.571753086419754,2.557312,3.017795765962605,9.565192251864456,12.75358966915261,0.16087293924245455,1.3333333333333333,5479328.0,173.5515916712548,73.48586980009227,128.0,74.72806446769107,8.642109890109891,2.3224419487847223,34.944,"Vision: FlashAttention | void pytorch_flash::flash_fwd_kernel<Flash_fwd_kernel_traits<96, 128, 64, 4, 0, 0, cutlass::bfloat16_t, Flash_kernel_traits<96, 128, 64, 4, cutlass::bfloat16_t>>, 0, 0, 0, 0, 0, 0, 0, 0>(pytorch_flash::Flash_fwd_params) | grid=(2, 1, 16) block=(128, 1, 1)"
21,Vision: NCHW → NHWC (input),3,"[1,3,224,224]",0,0,0 (layout copy),602112,0,,NCU counts one FP32 operation/element in the cuDNN conversion kernel; no useful arithmetic is required by layout conversion,0,0.0,0.0,0.000150528,28.43733333333333,0.085312,0.1006737513396104,0.0,0.0,0.005293323330832708,,1566666.6666666667,55.09189797449363,0.0,0.0,21.173293323330835,2.2055384615384614,2.601952239229025,0.0,"Vision: NCHW → NHWC (input) | void cudnn::nchwToNhwcKernel<__nv_bfloat16, __nv_bfloat16, float, 0, 1, 0>(cudnn::nchw2nhwc_params_t<T3>, const T1 *, T2 *) | grid=(1568, 1, 1) block=(256, 1, 1)"
22,Vision: NCHW → NHWC (weights),3,"[1152,3,14,14]",0,0,0 (layout copy),2709504,0,,NCU counts one FP32 operation/element in the cuDNN conversion kernel; no useful arithmetic is required by layout conversion,0,0.0,0.0,0.000677376,104.43733333333333,0.313312,0.369728694435906,0.0,0.0,0.006485956490654683,,7712778.666666667,73.85078132979267,0.0,0.0,25.94382596261873,9.924923076923076,2.8465647833207357,0.0,"Vision: NCHW → NHWC (weights) | void cudnn::nchwToNhwcKernel<__nv_bfloat16, __nv_bfloat16, float, 0, 1, 0>(cudnn::nchw2nhwc_params_t<T3>, const T1 *, T2 *) | grid=(7, 1, 1152) block=(256, 1, 1)"
23,Vision: NHWC → NCHW,3,"[1,1152,16,16]",0,0,0 (layout copy),1179648,0,,NCU counts one FP32 operation/element in the cuDNN conversion kernel; no useful arithmetic is required by layout conversion,0,0.0,0.0,0.000294912,18.4,0.0552,0.06513961780226103,0.0,0.0,0.016027826086956524,,1229354.6666666667,66.81275362318841,0.0,0.0,64.11130434782609,4.321054945054946,1.042136863425926,0.0,"Vision: NHWC → NCHW | void cudnn::nhwcToNchwKernel<__nv_bfloat16, __nv_bfloat16, float, 1, 0, 0>(cudnn::nhwc2nchw_params_t<T3>, const T1 *, T2 *) | grid=(8, 36, 1) block=(256, 1, 1)"
24,Vision: attention Q/K/V/O projections,324,"[256,1152] @ [1152,1152]",679477248,294912,2*256*1152*1152 tensor; 294912 scalar,3836160,2654208,,FMA=2; logical dimensions; excludes MMA tile padding and compiler epilogue overhead,679772160,0.67977216,0.679477248,0.000884736,28.18864197530864,9.13312,10.77768018373526,24.10464642444203,24.10464642444203,0.031386258365158896,1.0,8001079.901234568,283.8405591955433,84.92319241745811,177.12432432432433,136.08885463018115,14.051868131868131,2.0857002578710397,48.35494054054054,"Vision: attention Q/K/V/O projections | nvjet_sm110_tst_128x128_64x6_1x2_h_bz_bias_TNT | grid=(18, 1, 1) block=(256, 1, 1)"
25,Vision: image embedding scale,3,"[256,2048] scale",0,524288,S*D mul,2097152,0,,,524288,0.000524288,0.0,0.000524288,16.97066666666667,0.05091200000000001,0.06007949676718687,0.0,0.0,0.03089377749842865,,2141152.0,126.16781898177243,0.0,0.0,123.5751099937146,7.681875457875458,1.0209808349609375,0.0,"Vision: image embedding scale | triton_poi_fused_mul_view_11 | grid=(1024, 1, 1) block=(128, 1, 1)"
26,Vision: image-to-text projection + bias,3,"[256,1152] @ [1152,2048]",1207959552,524288,2*256*1152*2048 tensor; 524288 scalar,6361088,4718592,,FMA=2; logical dimensions; excludes MMA tile padding and compiler epilogue overhead,1208483840,1.20848384,1.207959552,0.001572864,42.64533333333333,0.127936,0.1509728649121389,28.325714857428714,28.325714857428714,0.0368824412206103,1.0,8167946.666666667,191.532016008004,147.89023499990205,189.8982614294913,149.1625812906453,23.300688644688645,1.2840486826572226,51.84222537025113,"Vision: image-to-text projection + bias | nvjet_sm110_tst_512x64_64x2_1x4_h_bz_bias_TNT | grid=(16, 1, 1) block=(256, 1, 1)"
27,Vision: input cast/layout,3,"[1,3,224,224] F32 -> BF16",0,0,0 (cast/layout),903168,0,,,0,0.0,0.0,0.0,12.736000000000002,0.038208000000000006,0.04508794414834765,0.0,0.0,0.0,,967050.6666666666,75.93048576214404,0.0,0.0,70.9145728643216,3.308307692307692,1.0707317649281936,0.0,"Vision: input cast/layout | triton_poi_fused__to_copy_convolution_0 | grid=(25, 1, 1) block=(128, 1, 1)"
28,Vision: patch embedding convolution,3,"[1,3,224,224], 1152 filters 14x14, stride14",346816512,0,2*256*1152*(3*14*14),2245632,1354752,,Convolution bias is deferred into the patch/LayerNorm fusion,346816512,0.346816512,3.699376128,0.000884736,101.01333333333334,0.30304,0.3576070612100939,3.433373600844773,36.622651742344246,0.008758606124604013,10.666666666666666,20498965.333333332,202.93326293558607,180.46648051960216,154.4404924760602,22.23104540654699,8.22575824175824,9.128372473020216,42.162254445964436,"Vision: patch embedding convolution | void cutlass__5x_cudnn::Kernel<cutlass_tensorop_bf16_s16816fprop_optimized_bf16_256x64_32x4_nhwc_align8>(T1::Params) | grid=(4, 5, 1) block=(128, 1, 1)"
29,Vision: patch/LayerNorm fusion 1,3,"[256,1152] split into 2304 groups of 128",0,3223296,2*S*V + 9*2304*(128-1),,0,~2304*127 Welford divisions,Approximate source work: bias+position additions and partial Welford moments,3223296,0.003223296,0.0,0.00382464,20.01066666666667,0.060032,0.07084169449103868,0.0,0.0,0.19113006396588486,,1317482.6666666667,65.83901918976545,0.0,,,,,,"Vision: patch/LayerNorm fusion 1 | triton_red_fused__to_copy_add_convolution_embedding_native_layer_norm_transpose_view_1 | grid=(36, 1, 1) block=(256, 1, 1)"
30,Vision: patch/LayerNorm fusion 2,3,256 rows x 9 partial Welford triples,0,18432,9*256*(9-1),,0,~256*8 Welford divisions,Logical merges; padded reduction lanes and replicated lane work excluded,18432,1.8432e-05,0.0,0.000140288,13.824,0.041472,0.048939678070568295,0.0,0.0,0.01014814814814815,,77717.33333333333,5.621913580246913,0.0,,,,,,"Vision: patch/LayerNorm fusion 2 | triton_per_fused__to_copy_add_convolution_embedding_native_layer_norm_transpose_view_2 | grid=(16, 1, 1) block=(128, 1, 1)"
31,Vision: patch/LayerNorm fusion 3,3,"[256,1152] patch/LayerNorm normalize",0,2359296,8*S*V including broadcast variance scaling,,0,up to 294912 rsqrt before hoisting,"Source elementwise count, including recomputation of bias/position additions",2359296,0.002359296,0.0,0.0018432,24.20266666666667,0.072608,0.0856821987207712,0.0,0.0,0.076156897311591,,1877696.0,77.58219479947113,0.0,,,,,,"Vision: patch/LayerNorm fusion 3 | triton_poi_fused__to_copy_add_convolution_embedding_native_layer_norm_transpose_view_3 | grid=(9, 1, 1) block=(1024, 1, 1)"
32,Vision: residual/LayerNorm fusion 10,3,"[256,1152], LayerNorm fusion 10",0,4421888,(2+4)*S*V + 9*S*(V-1) + 2*S,,0,~294656 Welford divisions + 256 rsqrt,"Approximate source arithmetic, logical Welford merges; repeated residual sums included; compiler lowering may differ",4421888,0.004421888,0.0,0.004802169333333333,24.42666666666667,0.07328,0.08647520276358132,0.0,0.0,0.19659536026200872,,1933749.3333333333,79.1655021834061,0.0,,,,,,"Vision: residual/LayerNorm fusion 10 | triton_red_fused_add_native_layer_norm_view_10 | grid=(256, 1, 1) block=(64, 1, 1)"
33,Vision: residual/LayerNorm fusion 4,3,"[256,1152], LayerNorm fusion 4",0,4716800,(3+4)*S*V + 9*S*(V-1) + 2*S,,0,~294656 Welford divisions + 256 rsqrt,"Approximate source arithmetic, logical Welford merges; repeated residual sums included; compiler lowering may differ",4716800,0.0047168,0.0,0.006291456,26.38933333333334,0.07916800000000002,0.09342342866248919,0.0,0.0,0.23840905416329825,,4911648.0,186.12247372675824,0.0,,,,,,"Vision: residual/LayerNorm fusion 4 | triton_red_fused__to_copy_add_convolution_embedding_native_layer_norm_transpose_view_4 | grid=(64, 1, 1) block=(256, 1, 1)"
34,Vision: residual/LayerNorm fusion 6,39,"[256,1152], LayerNorm fusion 6",0,4421888,(2+4)*S*V + 9*S*(V-1) + 2*S,,0,~294656 Welford divisions + 256 rsqrt,"Approximate source arithmetic, logical Welford merges; repeated residual sums included; compiler lowering may differ",4421888,0.004421888,0.0,0.005212480205128205,21.85928205128205,0.852512,1.0060200335478473,0.0,0.0,0.23845614841785218,,1924298.6666666667,88.03119252280321,0.0,,,,,,"Vision: residual/LayerNorm fusion 6 | triton_red_fused_add_native_layer_norm_view_6 | grid=(128, 1, 1) block=(128, 1, 1)"
35,Vision: residual/LayerNorm fusion 7,39,"[256,1152], LayerNorm fusion 7",0,5011712,(4+4)*S*V + 9*S*(V-1) + 2*S,,0,~294656 Welford divisions + 256 rsqrt,"Approximate source arithmetic, logical Welford merges; repeated residual sums included; compiler lowering may differ",5011712,0.005011712,0.0,0.005391895282051282,24.24779487179487,0.945664,1.1159454987202424,0.0,0.0,0.22236641767054685,,2556594.0512820515,105.43614645370873,0.0,,,,,,"Vision: residual/LayerNorm fusion 7 | triton_red_fused_add_native_layer_norm_view_7 | grid=(256, 1, 1) block=(64, 1, 1)"
36,Vision: residual/LayerNorm fusion 8,39,"[256,1152], LayerNorm fusion 8",0,5601536,(6+4)*S*V + 9*S*(V-1) + 2*S,,0,~294656 Welford divisions + 256 rsqrt,"Approximate source arithmetic, logical Welford merges; repeated residual sums included; compiler lowering may differ",5601536,0.005601536,0.0,0.006619136,27.204923076923077,1.060992,1.2520400973053722,0.0,0.0,0.2433065508505248,,3201927.3846153845,117.69661599710459,0.0,,,,,,"Vision: residual/LayerNorm fusion 8 | triton_red_fused_add_native_layer_norm_view_8 | grid=(256, 1, 1) block=(64, 1, 1)"
37,Vision: residual/LayerNorm fusion 9,39,"[256,1152], LayerNorm fusion 9",0,5011712,(4+4)*S*V + 9*S*(V-1) + 2*S,,0,~294656 Welford divisions + 256 rsqrt,"Approximate source arithmetic, logical Welford merges; repeated residual sums included; compiler lowering may differ",5011712,0.005011712,0.0,0.021905947076923078,29.453128205128206,1.148672,1.3555082438434565,0.0,0.0,0.7437562123913527,,4276262.564102564,145.18873969244484,0.0,,,,,,"Vision: residual/LayerNorm fusion 9 | triton_red_fused_add_native_layer_norm_view_9 | grid=(256, 1, 1) block=(512, 1, 1)"
