group_id,operator,domain,memory_level,invocations,flops,duration_ns,memory_bytes,mean_duration_ns,ai_flops_per_byte,performance_tflops,status
1,"Prefix FFN: GELU product | triton_poi_fused_gelu_mul_split_0 | grid=(29376, 1, 1) block=(128, 1, 1)",bf16_tensor,l2,17,0.0,5840576.0,1536246848.0,343563.29411764705,,,zero_counted_flops
1,"Prefix FFN: GELU product | triton_poi_fused_gelu_mul_split_0 | grid=(29376, 1, 1) block=(128, 1, 1)",fp32_simt,l2,17,3925492872.0,5840576.0,1536246848.0,343563.29411764705,2.555248772103583,0.6721071469663266,ok
2,"Prefix FFN: down + residual | nvjet_sm110_tst_256x184_64x3_2x1_v_badd_NNT | grid=(40, 1, 1) block=(256, 1, 1)",bf16_tensor,l2,17,1049582632960.0,13376768.0,7619497248.0,786868.7058823529,137.74959144916014,78.46309609017663,ok
2,"Prefix FFN: down + residual | nvjet_sm110_tst_256x184_64x3_2x1_v_badd_NNT | grid=(40, 1, 1) block=(256, 1, 1)",fp32_simt,l2,17,64061440.0,13376768.0,7619497248.0,786868.7058823529,0.008407567837473153,0.004789007329722695,ok
3,"Prefix FFN: gate/up projection | nvjet_sm110_tst_256x232_64x3_1x2_h_bz_NNT | grid=(512, 1, 1) block=(256, 1, 1)",bf16_tensor,l2,17,2117418876928.0,14612672.0,13804660800.0,859568.9411764706,153.3843466061839,144.9029224037876,ok
3,"Prefix FFN: gate/up projection | nvjet_sm110_tst_256x232_64x3_1x2_h_bz_NNT | grid=(512, 1, 1) block=(256, 1, 1)",fp32_simt,l2,17,1033895936.0,14612672.0,13804660800.0,859568.9411764706,0.07489470049130073,0.07075338007997442,ok
4,"Prefix: Attention P × V | _matmul_small | grid=(1840, 1, 1) block=(128, 1, 1)",bf16_tensor,l2,17,61498982400.0,4522688.0,3776597568.0,266040.4705882353,16.284229731305064,13.597883028853637,ok
4,"Prefix: Attention P × V | _matmul_small | grid=(1840, 1, 1) block=(128, 1, 1)",fp32_simt,l2,17,0.0,4522688.0,3776597568.0,266040.4705882353,,,zero_counted_flops
5,"Prefix: Attention QKᵀ + scale | _matmul_abt_scale | grid=(6670, 1, 1) block=(128, 1, 1)",bf16_tensor,l2,17,59449016320.0,4347232.0,4130840160.0,255719.5294117647,14.391507300539075,13.675142325047295,ok
5,"Prefix: Attention QKᵀ + scale | _matmul_abt_scale | grid=(6670, 1, 1) block=(128, 1, 1)",fp32_simt,l2,17,116111360.0,4347232.0,4130840160.0,255719.5294117647,0.02810841269636538,0.026709262353607998,ok
6,"Prefix: Attention output + residual | _matmul_small_res | grid=(480, 1, 1) block=(128, 1, 1)",bf16_tensor,l2,17,136902082560.0,3661632.0,4242918592.0,215390.11764705883,32.266016797524266,37.38826909968014,ok
6,"Prefix: Attention output + residual | _matmul_small_res | grid=(480, 1, 1) block=(128, 1, 1)",fp32_simt,l2,17,0.0,3661632.0,4242918592.0,215390.11764705883,,,zero_counted_flops
7,"Prefix: Prefix RoPE table | _build_gemma_rope_from_positions | grid=(58, 1, 1) block=(128, 1, 1)",bf16_tensor,l2,1,0.0,18784.0,1149056.0,18784.0,,,zero_counted_flops
7,"Prefix: Prefix RoPE table | _build_gemma_rope_from_positions | grid=(58, 1, 1) block=(128, 1, 1)",fp32_simt,l2,1,4678494.0,18784.0,1149056.0,18784.0,4.0715979029742675,0.2490680366269165,ok
8,"Prefix: Prefix masked softmax | _softmax_mask_vector | grid=(1836, 1, 1) block=(128, 1, 1)",bf16_tensor,l2,17,0.0,2491392.0,707448864.0,146552.4705882353,,,zero_counted_flops
8,"Prefix: Prefix masked softmax | _softmax_mask_vector | grid=(1836, 1, 1) block=(128, 1, 1)",fp32_simt,l2,17,609771174.0,2491392.0,707448864.0,146552.4705882353,0.8619296814645815,0.2447511969212392,ok
9,"Prefix: QKV projection + Gemma RoPE | _matmul_gemma_rope_qkv | grid=(29, 10, 1) block=(128, 1, 1)",bf16_tensor,l2,18,175154135040.0,4594240.0,6197951392.0,255235.55555555556,28.260004630897885,38.124724663927005,ok
9,"Prefix: QKV projection + Gemma RoPE | _matmul_gemma_rope_qkv | grid=(29, 10, 1) block=(128, 1, 1)",fp32_simt,l2,18,115458048.0,4594240.0,6197951392.0,255235.55555555556,0.01862842102134382,0.025131044089990943,ok
10,"Prefix: RMSNorm (pre-FFN) | _rms_norm_kernel | grid=(918, 1, 1) block=(128, 1, 1)",bf16_tensor,l2,17,0.0,498368.0,141143680.0,29315.764705882353,,,zero_counted_flops
10,"Prefix: RMSNorm (pre-FFN) | _rms_norm_kernel | grid=(918, 1, 1) block=(128, 1, 1)",fp32_simt,l2,17,175785984.0,498368.0,141143680.0,29315.764705882353,1.2454399941959853,0.3527232567099011,ok
11,"Prefix: RMSNorm (pre-attention) | _rms_norm_kernel | grid=(918, 1, 1) block=(128, 1, 1)",bf16_tensor,l2,18,0.0,524448.0,149765504.0,29136.0,,,zero_counted_flops
11,"Prefix: RMSNorm (pre-attention) | _rms_norm_kernel | grid=(918, 1, 1) block=(128, 1, 1)",fp32_simt,l2,18,186126336.0,524448.0,149765504.0,29136.0,1.2427850942230327,0.3548995057660626,ok
12,"Prefix: concatenate image/text embeddings | void at::<unnamed>::CatArrayBatchedCopy_vectorized<at::<unnamed>::OpaqueType<2>, unsigned int, 2, 128, 1, 16, 8>(char *, at::<unnamed>::CatArrInputTensorMetadata<T1, T2, T4, T5>, at::<unnamed>::TensorSizeStride<T2, 4>, int, T2) | grid=(512, 4, 1) block=(128, 1, 1)",bf16_tensor,l2,1,0.0,28000.000000000004,7985632.0,28000.000000000004,,,zero_counted_flops
12,"Prefix: concatenate image/text embeddings | void at::<unnamed>::CatArrayBatchedCopy_vectorized<at::<unnamed>::OpaqueType<2>, unsigned int, 2, 128, 1, 16, 8>(char *, at::<unnamed>::CatArrInputTensorMetadata<T1, T2, T4, T5>, at::<unnamed>::TensorSizeStride<T2, 4>, int, T2) | grid=(512, 4, 1) block=(128, 1, 1)",fp32_simt,l2,1,0.0,28000.000000000004,7985632.0,28000.000000000004,,,zero_counted_flops
13,"Prefix: mask conversion/copy | void at::unrolled_elementwise_kernel<at::direct_copy_kernel_cuda(at::TensorIteratorBase &)::[lambda() (instance 3)]::operator ()() const::[lambda() (instance 3)]::operator ()() const::[lambda(int) (instance 1)], std::array<char *, 2>, 4, TrivialOffsetCalculator<1, unsigned int>, TrivialOffsetCalculator<1, unsigned int>, memory::LoadWithCast<1>, memory::StoreWithCast<1>>(int, T1, T2, T4, T5, T6, T7) | grid=(2, 1, 1) block=(128, 1, 1)",bf16_tensor,l2,1,0.0,15872.0,129856.0,15872.0,,,zero_counted_flops
13,"Prefix: mask conversion/copy | void at::unrolled_elementwise_kernel<at::direct_copy_kernel_cuda(at::TensorIteratorBase &)::[lambda() (instance 3)]::operator ()() const::[lambda() (instance 3)]::operator ()() const::[lambda(int) (instance 1)], std::array<char *, 2>, 4, TrivialOffsetCalculator<1, unsigned int>, TrivialOffsetCalculator<1, unsigned int>, memory::LoadWithCast<1>, memory::StoreWithCast<1>>(int, T1, T2, T4, T5, T6, T7) | grid=(2, 1, 1) block=(128, 1, 1)",fp32_simt,l2,1,0.0,15872.0,129856.0,15872.0,,,zero_counted_flops
14,"Prefix: valid-length fill | void at::vectorized_elementwise_kernel<4, at::FillFunctor<int>, std::array<char *, 1>>(int, T2, T3) | grid=(1, 1, 1) block=(128, 1, 1)",bf16_tensor,l2,1,0.0,12288.000000000002,33440.0,12288.000000000002,,,zero_counted_flops
14,"Prefix: valid-length fill | void at::vectorized_elementwise_kernel<4, at::FillFunctor<int>, std::array<char *, 1>>(int, T2, T3) | grid=(1, 1, 1) block=(128, 1, 1)",fp32_simt,l2,1,0.0,12288.000000000002,33440.0,12288.000000000002,,,zero_counted_flops
15,"Text: embedding lookup | void at::vectorized_gather_kernel<16, long>(char *, char *, T2 *, int, long, long, long, long, bool) | grid=(200, 1, 1) block=(256, 1, 1)",bf16_tensor,l2,1,0.0,18560.000000000004,1181088.0,18560.000000000004,,,zero_counted_flops
15,"Text: embedding lookup | void at::vectorized_gather_kernel<16, long>(char *, char *, T2 *, int, long, long, long, long, bool) | grid=(200, 1, 1) block=(256, 1, 1)",fp32_simt,l2,1,0.0,18560.000000000004,1181088.0,18560.000000000004,,,zero_counted_flops
16,"Text: embedding scale | void at::elementwise_kernel<128, 4, void at::gpu_kernel_impl_nocast<at::BinaryFunctor<c10::BFloat16, c10::BFloat16, c10::BFloat16, binary_internal::MulFunctor<float>>>(at::TensorIteratorBase &, const T1 &)::[lambda(int) (instance 1)]>(int, T3) | grid=(800, 1, 1) block=(128, 1, 1)",bf16_tensor,l2,1,0.0,20064.0,1759424.0,20064.0,,,zero_counted_flops
16,"Text: embedding scale | void at::elementwise_kernel<128, 4, void at::gpu_kernel_impl_nocast<at::BinaryFunctor<c10::BFloat16, c10::BFloat16, c10::BFloat16, binary_internal::MulFunctor<float>>>(at::TensorIteratorBase &, const T1 &)::[lambda(int) (instance 1)]>(int, T3) | grid=(800, 1, 1) block=(128, 1, 1)",fp32_simt,l2,1,409600.0,20064.0,1759424.0,20064.0,0.23280346295151141,0.020414673046251993,ok
17,"Vision: FFN GELU | triton_poi_fused_gelu_view_5 | grid=(2152, 1, 1) block=(128, 1, 1)",bf16_tensor,l2,81,0.0,1998592.0,361260864.0,24673.975308641977,,,zero_counted_flops
17,"Vision: FFN GELU | triton_poi_fused_gelu_view_5 | grid=(2152, 1, 1) block=(128, 1, 1)",fp32_simt,l2,81,1223341926.0,1998592.0,361260864.0,24673.975308641977,3.3863117982245647,0.6121018827254388,ok
18,"Vision: FFN contraction + bias | nvjet_sm110_tst_144x128_64x6_4x1_v_bz_bias_TNN | grid=(16, 1, 1) block=(256, 1, 1)",bf16_tensor,l2,81,207920037888.0,6220608.0,1994758432.0,76797.62962962964,104.23319162487942,33.42439161702522,ok
18,"Vision: FFN contraction + bias | nvjet_sm110_tst_144x128_64x6_4x1_v_bz_bias_TNN | grid=(16, 1, 1) block=(256, 1, 1)",fp32_simt,l2,81,71663616.0,6220608.0,1994758432.0,76797.62962962964,0.03592596218688399,0.011520355566529831,ok
19,"Vision: FFN expansion + bias | nvjet_sm110_tst_224x128_64x7_1x2_2cta_h_bz_bias_TNN | grid=(40, 1, 1) block=(256, 1, 1)",bf16_tensor,l2,81,214035333120.0,4939520.0,1885537152.0,60981.72839506173,113.51424865480455,43.331200829230376,ok
19,"Vision: FFN expansion + bias | nvjet_sm110_tst_224x128_64x7_1x2_2cta_h_bz_bias_TNN | grid=(40, 1, 1) block=(256, 1, 1)",fp32_simt,l2,81,278691840.0,4939520.0,1885537152.0,60981.72839506173,0.14780501126927675,0.056420834413060374,ok
20,"Vision: FlashAttention | void pytorch_flash::flash_fwd_kernel<Flash_fwd_kernel_traits<96, 128, 64, 4, 0, 0, cutlass::bfloat16_t, Flash_kernel_traits<96, 128, 64, 4, cutlass::bfloat16_t>>, 0, 0, 0, 0, 0, 0, 0, 0>(pytorch_flash::Flash_fwd_params) | grid=(2, 1, 16) block=(128, 1, 1)",bf16_tensor,l2,81,32614907904.0,2557312.0,443825568.0,31571.753086419754,73.48586980009227,12.75358966915261,ok
20,"Vision: FlashAttention | void pytorch_flash::flash_fwd_kernel<Flash_fwd_kernel_traits<96, 128, 64, 4, 0, 0, cutlass::bfloat16_t, Flash_kernel_traits<96, 128, 64, 4, cutlass::bfloat16_t>>, 0, 0, 0, 0, 0, 0, 0, 0>(pytorch_flash::Flash_fwd_params) | grid=(2, 1, 16) block=(128, 1, 1)",fp32_simt,l2,81,411402298.0,2557312.0,443825568.0,31571.753086419754,0.9269459167345672,0.16087293924245458,ok
21,"Vision: NCHW → NHWC (input) | void cudnn::nchwToNhwcKernel<__nv_bfloat16, __nv_bfloat16, float, 0, 1, 0>(cudnn::nchw2nhwc_params_t<T3>, const T1 *, T2 *) | grid=(1568, 1, 1) block=(256, 1, 1)",bf16_tensor,l2,3,0.0,85312.0,4700000.0,28437.333333333332,,,zero_counted_flops
21,"Vision: NCHW → NHWC (input) | void cudnn::nchwToNhwcKernel<__nv_bfloat16, __nv_bfloat16, float, 0, 1, 0>(cudnn::nchw2nhwc_params_t<T3>, const T1 *, T2 *) | grid=(1568, 1, 1) block=(256, 1, 1)",fp32_simt,l2,3,451584.0,85312.0,4700000.0,28437.333333333332,0.09608170212765957,0.0052933233308327075,ok
22,"Vision: NCHW → NHWC (weights) | void cudnn::nchwToNhwcKernel<__nv_bfloat16, __nv_bfloat16, float, 0, 1, 0>(cudnn::nchw2nhwc_params_t<T3>, const T1 *, T2 *) | grid=(7, 1, 1152) block=(256, 1, 1)",bf16_tensor,l2,3,0.0,313312.0,23138336.0,104437.33333333333,,,zero_counted_flops
22,"Vision: NCHW → NHWC (weights) | void cudnn::nchwToNhwcKernel<__nv_bfloat16, __nv_bfloat16, float, 0, 1, 0>(cudnn::nchw2nhwc_params_t<T3>, const T1 *, T2 *) | grid=(7, 1, 1152) block=(256, 1, 1)",fp32_simt,l2,3,2032128.0,313312.0,23138336.0,104437.33333333333,0.08782515734925796,0.006485956490654683,ok
23,"Vision: NHWC → NCHW | void cudnn::nhwcToNchwKernel<__nv_bfloat16, __nv_bfloat16, float, 1, 0, 0>(cudnn::nhwc2nchw_params_t<T3>, const T1 *, T2 *) | grid=(8, 36, 1) block=(256, 1, 1)",bf16_tensor,l2,3,0.0,55200.0,3688064.0,18400.0,,,zero_counted_flops
23,"Vision: NHWC → NCHW | void cudnn::nhwcToNchwKernel<__nv_bfloat16, __nv_bfloat16, float, 1, 0, 0>(cudnn::nhwc2nchw_params_t<T3>, const T1 *, T2 *) | grid=(8, 36, 1) block=(256, 1, 1)",fp32_simt,l2,3,884736.0,55200.0,3688064.0,18400.0,0.23989171554506647,0.016027826086956524,ok
24,"Vision: attention Q/K/V/O projections | nvjet_sm110_tst_128x128_64x6_1x2_h_bz_bias_TNT | grid=(18, 1, 1) block=(256, 1, 1)",bf16_tensor,l2,324,220150628352.0,9133120.0,2592349888.0,28188.64197530864,84.92319241745811,24.10464642444203,ok
24,"Vision: attention Q/K/V/O projections | nvjet_sm110_tst_128x128_64x6_1x2_h_bz_bias_TNT | grid=(18, 1, 1) block=(256, 1, 1)",fp32_simt,l2,324,286654464.0,9133120.0,2592349888.0,28188.64197530864,0.11057707346023192,0.031386258365158896,ok
25,"Vision: image embedding scale | triton_poi_fused_mul_view_11 | grid=(1024, 1, 1) block=(128, 1, 1)",bf16_tensor,l2,3,0.0,50912.000000000015,6423456.0,16970.66666666667,,,zero_counted_flops
25,"Vision: image embedding scale | triton_poi_fused_mul_view_11 | grid=(1024, 1, 1) block=(128, 1, 1)",fp32_simt,l2,3,1572864.0,50912.000000000015,6423456.0,16970.66666666667,0.24486257864925048,0.03089377749842865,ok
26,"Vision: image-to-text projection + bias | nvjet_sm110_tst_512x64_64x2_1x4_h_bz_bias_TNT | grid=(16, 1, 1) block=(256, 1, 1)",bf16_tensor,l2,3,3623878656.0,127936.0,24503840.0,42645.333333333336,147.89023499990205,28.325714857428714,ok
26,"Vision: image-to-text projection + bias | nvjet_sm110_tst_512x64_64x2_1x4_h_bz_bias_TNT | grid=(16, 1, 1) block=(256, 1, 1)",fp32_simt,l2,3,4718592.0,127936.0,24503840.0,42645.333333333336,0.19256541015612247,0.0368824412206103,ok
27,"Vision: input cast/layout | triton_poi_fused__to_copy_convolution_0 | grid=(25, 1, 1) block=(128, 1, 1)",bf16_tensor,l2,3,0.0,38208.00000000001,2901152.0,12736.000000000002,,,zero_counted_flops
27,"Vision: input cast/layout | triton_poi_fused__to_copy_convolution_0 | grid=(25, 1, 1) block=(128, 1, 1)",fp32_simt,l2,3,0.0,38208.00000000001,2901152.0,12736.000000000002,,,zero_counted_flops
28,"Vision: patch embedding convolution | void cutlass__5x_cudnn::Kernel<cutlass_tensorop_bf16_s16816fprop_optimized_bf16_256x64_32x4_nhwc_align8>(T1::Params) | grid=(4, 5, 1) block=(128, 1, 1)",bf16_tensor,l2,3,11098128384.0,303040.0,61496896.0,101013.33333333333,180.46648051960216,36.62265174234424,ok
28,"Vision: patch embedding convolution | void cutlass__5x_cudnn::Kernel<cutlass_tensorop_bf16_s16816fprop_optimized_bf16_256x64_32x4_nhwc_align8>(T1::Params) | grid=(4, 5, 1) block=(128, 1, 1)",fp32_simt,l2,3,2654208.0,303040.0,61496896.0,101013.33333333333,0.043160032012022204,0.008758606124604013,ok
29,"Vision: patch/LayerNorm fusion 1 | triton_red_fused__to_copy_add_convolution_embedding_native_layer_norm_transpose_view_1 | grid=(36, 1, 1) block=(256, 1, 1)",bf16_tensor,l2,3,0.0,60032.0,3952448.0,20010.666666666668,,,zero_counted_flops
29,"Vision: patch/LayerNorm fusion 1 | triton_red_fused__to_copy_add_convolution_embedding_native_layer_norm_transpose_view_1 | grid=(36, 1, 1) block=(256, 1, 1)",fp32_simt,l2,3,11473920.0,60032.0,3952448.0,20010.666666666668,2.9029907540845574,0.19113006396588486,ok
30,"Vision: patch/LayerNorm fusion 2 | triton_per_fused__to_copy_add_convolution_embedding_native_layer_norm_transpose_view_2 | grid=(16, 1, 1) block=(128, 1, 1)",bf16_tensor,l2,3,0.0,41472.0,233152.0,13824.0,,,zero_counted_flops
30,"Vision: patch/LayerNorm fusion 2 | triton_per_fused__to_copy_add_convolution_embedding_native_layer_norm_transpose_view_2 | grid=(16, 1, 1) block=(128, 1, 1)",fp32_simt,l2,3,420864.0,41472.0,233152.0,13824.0,1.8051056821301126,0.01014814814814815,ok
31,"Vision: patch/LayerNorm fusion 3 | triton_poi_fused__to_copy_add_convolution_embedding_native_layer_norm_transpose_view_3 | grid=(9, 1, 1) block=(1024, 1, 1)",bf16_tensor,l2,3,0.0,72608.0,5633088.0,24202.666666666668,,,zero_counted_flops
31,"Vision: patch/LayerNorm fusion 3 | triton_poi_fused__to_copy_add_convolution_embedding_native_layer_norm_transpose_view_3 | grid=(9, 1, 1) block=(1024, 1, 1)",fp32_simt,l2,3,5529600.0,72608.0,5633088.0,24202.666666666668,0.981628549030301,0.076156897311591,ok
32,"Vision: residual/LayerNorm fusion 10 | triton_red_fused_add_native_layer_norm_view_10 | grid=(256, 1, 1) block=(64, 1, 1)",bf16_tensor,l2,3,0.0,73280.0,5801248.0,24426.666666666668,,,zero_counted_flops
32,"Vision: residual/LayerNorm fusion 10 | triton_red_fused_add_native_layer_norm_view_10 | grid=(256, 1, 1) block=(64, 1, 1)",fp32_simt,l2,3,14406508.0,73280.0,5801248.0,24426.666666666668,2.483346342028474,0.19659536026200874,ok
33,"Vision: residual/LayerNorm fusion 4 | triton_red_fused__to_copy_add_convolution_embedding_native_layer_norm_transpose_view_4 | grid=(64, 1, 1) block=(256, 1, 1)",bf16_tensor,l2,3,0.0,79168.00000000001,14734944.0,26389.33333333334,,,zero_counted_flops
33,"Vision: residual/LayerNorm fusion 4 | triton_red_fused__to_copy_add_convolution_embedding_native_layer_norm_transpose_view_4 | grid=(64, 1, 1) block=(256, 1, 1)",fp32_simt,l2,3,18874368.0,79168.00000000001,14734944.0,26389.33333333334,1.2809256689404453,0.23840905416329827,ok
34,"Vision: residual/LayerNorm fusion 6 | triton_red_fused_add_native_layer_norm_view_6 | grid=(128, 1, 1) block=(128, 1, 1)",bf16_tensor,l2,39,0.0,852512.0,75047648.0,21859.28205128205,,,zero_counted_flops
34,"Vision: residual/LayerNorm fusion 6 | triton_red_fused_add_native_layer_norm_view_6 | grid=(128, 1, 1) block=(128, 1, 1)",fp32_simt,l2,39,203286728.0,852512.0,75047648.0,21859.28205128205,2.7087688077846224,0.23845614841785218,ok
35,"Vision: residual/LayerNorm fusion 7 | triton_red_fused_add_native_layer_norm_view_7 | grid=(256, 1, 1) block=(64, 1, 1)",bf16_tensor,l2,39,0.0,945664.0,99707168.0,24247.79487179487,,,zero_counted_flops
35,"Vision: residual/LayerNorm fusion 7 | triton_red_fused_add_native_layer_norm_view_7 | grid=(256, 1, 1) block=(64, 1, 1)",fp32_simt,l2,39,210283916.0,945664.0,99707168.0,24247.79487179487,2.109015030895271,0.22236641767054685,ok
36,"Vision: residual/LayerNorm fusion 8 | triton_red_fused_add_native_layer_norm_view_8 | grid=(256, 1, 1) block=(64, 1, 1)",bf16_tensor,l2,39,0.0,1060992.0,124875168.0,27204.923076923078,,,zero_counted_flops
36,"Vision: residual/LayerNorm fusion 8 | triton_red_fused_add_native_layer_norm_view_8 | grid=(256, 1, 1) block=(64, 1, 1)",fp32_simt,l2,39,258146304.0,1060992.0,124875168.0,27204.923076923078,2.0672348885248346,0.2433065508505248,ok
37,"Vision: residual/LayerNorm fusion 9 | triton_red_fused_add_native_layer_norm_view_9 | grid=(256, 1, 1) block=(512, 1, 1)",bf16_tensor,l2,39,0.0,1148672.0,166774240.0,29453.128205128207,,,zero_counted_flops
37,"Vision: residual/LayerNorm fusion 9 | triton_red_fused_add_native_layer_norm_view_9 | grid=(256, 1, 1) block=(512, 1, 1)",fp32_simt,l2,39,854331936.0,1148672.0,166774240.0,29453.128205128207,5.1226852300451196,0.7437562123913528,ok
